[{"word_key": "F9T3", "exemplar": -0.7, "exemplar_index": 5, "frequency": 9, "exemplar_strength": 1.0067198195002611e-10}, {"word_key": "F5T11", "exemplar": -0.5, "exemplar_index": 4, "frequency": 5, "exemplar_strength": 1.0414342960347529e-10}, {"word_key": "F4T8", "exemplar": 0.7, "exemplar_index": 0, "frequency": 4, "exemplar_strength": 1.0773458234842271e-10}, {"word_key": "F12T1", "exemplar": -1.6, "exemplar_index": 3, "frequency": 12, "exemplar_strength": 1.1144956794664418e-10}, {"word_key": "F4T4", "exemplar": -0.8, "exemplar_index": 0, "frequency": 4, "exemplar_strength": 1.1529265649652847e-10}, {"word_key": "F6T13", "exemplar": -1.1, "exemplar_index": 2, "frequency": 6, "exemplar_strength": 1.1926826534123635e-10}, {"word_key": "F6T1", "exemplar": -1.0, "exemplar_index": 0, "frequency": 6, "exemplar_strength": 1.2338096414610657e-10}, {"word_key": "F4T1", "exemplar": -0.5, "exemplar_index": 3, "frequency": 4, "exemplar_strength": 1.2763548015114473e-10}, {"word_key": "F2T1", "exemplar": 1.9, "exemplar_index": 1, "frequency": 2, "exemplar_strength": 1.3203670360463248e-10}, {"word_key": "F7T8", "exemplar": -1.6, "exemplar_index": 6, "frequency": 7, "exemplar_strength": 1.3658969338410257e-10}, {"word_key": "F11T1", "exemplar": -1.1, "exemplar_index": 10, "frequency": 11, "exemplar_strength": 1.412996828111406e-10}, {"word_key": "F6T2", "exemplar": -1.1, "exemplar_index": 0, "frequency": 6, "exemplar_strength": 1.4617208566669716e-10}, {"word_key": "F4T4", "exemplar": -0.8, "exemplar_index": 0, "frequency": 4, "exemplar_strength": 1.5121250241382465e-10}, {"word_key": "F7T8", "exemplar": -1.6, "exemplar_index": 6, "frequency": 7, "exemplar_strength": 1.5642672663499102e-10}, {"word_key": "F9T3", "exemplar": -0.5, "exemplar_index": 8, "frequency": 9, "exemplar_strength": 1.6182075169137003e-10}, {"word_key": "F7T10", "exemplar": 0.9, "exemplar_index": 3, "frequency": 7, "exemplar_strength": 1.674007776117621e-10}, {"word_key": "F8T2", "exemplar": -1.2, "exemplar_index": 3, "frequency": 8, "exemplar_strength": 1.7317321821906422e-10}, {"word_key": "F5T9", "exemplar": 1.6, "exemplar_index": 2, "frequency": 5, "exemplar_strength": 1.7914470850248024e-10}, {"word_key": "F8T1", "exemplar": -0.4, "exemplar_index": 4, "frequency": 8, "exemplar_strength": 1.8532211224394507e-10}, {"word_key": "F5T1", "exemplar": -0.5, "exemplar_index": 1, "frequency": 5, "exemplar_strength": 1.9171252990752938e-10}, {"word_key": "F6T1", "exemplar": 0.9, "exemplar_index": 5, "frequency": 6, "exemplar_strength": 1.9832330680089245e-10}, {"word_key": "F5T13", "exemplar": -1.0, "exemplar_index": 1, "frequency": 5, "exemplar_strength": 2.051620415181646e-10}, {"word_key": "F10T2", "exemplar": -0.2, "exemplar_index": 7, "frequency": 10, "exemplar_strength": 2.122365946739634e-10}, {"word_key": "F8T1", "exemplar": -0.5, "exemplar_index": 0, "frequency": 8, "exemplar_strength": 2.195550979385828e-10}, {"word_key": "F7T2", "exemplar": 1.6, "exemplar_index": 0, "frequency": 7, "exemplar_strength": 2.2712596338474083e-10}, {"word_key": "F5T7", "exemplar": -0.1, "exemplar_index": 2, "frequency": 5, "exemplar_strength": 2.3495789315662843e-10}, {"word_key": "F1T5", "exemplar": 0.5, "exemplar_index": 0, "frequency": 1, "exemplar_strength": 2.430598894723742e-10}, {"word_key": "F3T6", "exemplar": 0.6, "exemplar_index": 1, "frequency": 3, "exemplar_strength": 2.514412649714216e-10}, {"word_key": "F8T2", "exemplar": -1.9, "exemplar_index": 7, "frequency": 8, "exemplar_strength": 2.60111653418712e-10}, {"word_key": "F8T5", "exemplar": -1.6, "exemplar_index": 4, "frequency": 8, "exemplar_strength": 2.690810207779779e-10}, {"word_key": "F7T7", "exemplar": 1.6, "exemplar_index": 2, "frequency": 7, "exemplar_strength": 2.783596766668737e-10}, {"word_key": "F6T4", "exemplar": 0.1, "exemplar_index": 0, "frequency": 6, "exemplar_strength": 2.879582862071107e-10}, {"word_key": "F3T8", "exemplar": 1.5, "exemplar_index": 1, "frequency": 3, "exemplar_strength": 2.9788788228321795e-10}, {"word_key": "F5T6", "exemplar": -0.1, "exemplar_index": 0, "frequency": 5, "exemplar_strength": 3.0815987822401855e-10}, {"word_key": "F8T6", "exemplar": 0.2, "exemplar_index": 0, "frequency": 8, "exemplar_strength": 3.187860809213985e-10}, {"word_key": "F5T3", "exemplar": -0.9, "exemplar_index": 3, "frequency": 5, "exemplar_strength": 3.297787044014467e-10}, {"word_key": "F7T9", "exemplar": -1.0, "exemplar_index": 6, "frequency": 7, "exemplar_strength": 3.411503838635656e-10}, {"word_key": "F9T2", "exemplar": 0.8, "exemplar_index": 0, "frequency": 9, "exemplar_strength": 3.529141902036885e-10}, {"word_key": "F7T3", "exemplar": 0.7, "exemplar_index": 1, "frequency": 7, "exemplar_strength": 3.6508364503829846e-10}, {"word_key": "F8T5", "exemplar": -1.6, "exemplar_index": 4, "frequency": 8, "exemplar_strength": 3.7767273624651567e-10}, {"word_key": "F11T1", "exemplar": 0.7, "exemplar_index": 6, "frequency": 11, "exemplar_strength": 3.906959340481197e-10}, {"word_key": "F4T11", "exemplar": -2.0, "exemplar_index": 1, "frequency": 4, "exemplar_strength": 4.041682076359859e-10}, {"word_key": "F6T6", "exemplar": 0.9, "exemplar_index": 2, "frequency": 6, "exemplar_strength": 4.181050423820544e-10}, {"word_key": "F1T2", "exemplar": 0.2, "exemplar_index": 0, "frequency": 1, "exemplar_strength": 4.32522457636608e-10}, {"word_key": "F9T2", "exemplar": 0.2, "exemplar_index": 2, "frequency": 9, "exemplar_strength": 4.4743702514131863e-10}, {"word_key": "F9T4", "exemplar": -0.9, "exemplar_index": 0, "frequency": 9, "exemplar_strength": 4.628658880772262e-10}, {"word_key": "F9T4", "exemplar": -0.9, "exemplar_index": 0, "frequency": 9, "exemplar_strength": 4.788267807695443e-10}, {"word_key": "F9T1", "exemplar": 1.6, "exemplar_index": 2, "frequency": 9, "exemplar_strength": 4.953380490719424e-10}, {"word_key": "F8T4", "exemplar": -0.9, "exemplar_index": 3, "frequency": 8, "exemplar_strength": 5.124186714537335e-10}, {"word_key": "F9T3", "exemplar": -0.5, "exemplar_index": 8, "frequency": 9, "exemplar_strength": 5.300882808142071e-10}, {"word_key": "F6T5", "exemplar": 0.6, "exemplar_index": 1, "frequency": 6, "exemplar_strength": 5.483671870491797e-10}, {"word_key": "F6T13", "exemplar": -1.1, "exemplar_index": 2, "frequency": 6, "exemplar_strength": 5.672764003957032e-10}, {"word_key": "F7T2", "exemplar": 1.6, "exemplar_index": 0, "frequency": 7, "exemplar_strength": 5.868376555817619e-10}, {"word_key": "F2T2", "exemplar": -0.2, "exemplar_index": 0, "frequency": 2, "exemplar_strength": 6.070734368087192e-10}, {"word_key": "F10T3", "exemplar": -0.4, "exemplar_index": 3, "frequency": 10, "exemplar_strength": 6.280070035952268e-10}, {"word_key": "F7T1", "exemplar": -0.7, "exemplar_index": 6, "frequency": 7, "exemplar_strength": 6.496624175123036e-10}, {"word_key": "F4T9", "exemplar": 0.5, "exemplar_index": 0, "frequency": 4, "exemplar_strength": 6.720645698403141e-10}, {"word_key": "F6T8", "exemplar": 1.4, "exemplar_index": 3, "frequency": 6, "exemplar_strength": 6.952392101796353e-10}, {"word_key": "F10T1", "exemplar": -1.2, "exemplar_index": 2, "frequency": 10, "exemplar_strength": 7.192129760478985e-10}, {"word_key": "F6T14", "exemplar": -0.8, "exemplar_index": 3, "frequency": 6, "exemplar_strength": 7.44013423497826e-10}, {"word_key": "F5T8", "exemplar": -0.9, "exemplar_index": 1, "frequency": 5, "exemplar_strength": 7.696690587908545e-10}, {"word_key": "F2T2", "exemplar": -0.2, "exemplar_index": 0, "frequency": 2, "exemplar_strength": 7.962093711629529e-10}, {"word_key": "F8T5", "exemplar": -1.6, "exemplar_index": 4, "frequency": 8, "exemplar_strength": 8.236648667202961e-10}, {"word_key": "F7T12", "exemplar": -0.2, "exemplar_index": 0, "frequency": 7, "exemplar_strength": 8.520671035037546e-10}, {"word_key": "F4T2", "exemplar": -1.2, "exemplar_index": 3, "frequency": 4, "exemplar_strength": 8.814487277625048e-10}, {"word_key": "F8T6", "exemplar": 1.3, "exemplar_index": 5, "frequency": 8, "exemplar_strength": 9.118435114784533e-10}, {"word_key": "F3T10", "exemplar": -1.3, "exemplar_index": 1, "frequency": 3, "exemplar_strength": 9.432863911846068e-10}, {"word_key": "F8T2", "exemplar": -1.2, "exemplar_index": 3, "frequency": 8, "exemplar_strength": 9.75813508122007e-10}, {"word_key": "F3T2", "exemplar": -1.2, "exemplar_index": 2, "frequency": 3, "exemplar_strength": 1.0094622497813865e-09}, {"word_key": "F8T6", "exemplar": 1.3, "exemplar_index": 5, "frequency": 8, "exemplar_strength": 1.0442712928772964e-09}, {"word_key": "F7T5", "exemplar": 0.3, "exemplar_index": 1, "frequency": 7, "exemplar_strength": 1.0802806478040997e-09}, {"word_key": "F8T6", "exemplar": 1.3, "exemplar_index": 5, "frequency": 8, "exemplar_strength": 1.1175317046249307e-09}, {"word_key": "F9T5", "exemplar": 0.4, "exemplar_index": 5, "frequency": 9, "exemplar_strength": 1.15606728064648e-09}, {"word_key": "F7T8", "exemplar": -0.4, "exemplar_index": 2, "frequency": 7, "exemplar_strength": 1.1959316696342896e-09}, {"word_key": "F10T1", "exemplar": -1.2, "exemplar_index": 2, "frequency": 10, "exemplar_strength": 1.2371706927251272e-09}, {"word_key": "F7T1", "exemplar": -0.7, "exemplar_index": 6, "frequency": 7, "exemplar_strength": 1.2798317510949593e-09}, {"word_key": "F6T11", "exemplar": 0.9, "exemplar_index": 5, "frequency": 6, "exemplar_strength": 1.3239638804430613e-09}, {"word_key": "F8T5", "exemplar": -1.6, "exemplar_index": 4, "frequency": 8, "exemplar_strength": 1.3696178073548909e-09}, {"word_key": "F2T1", "exemplar": 1.9, "exemplar_index": 1, "frequency": 2, "exemplar_strength": 1.4168460076085079e-09}, {"word_key": "F2T1", "exemplar": 1.9, "exemplar_index": 1, "frequency": 2, "exemplar_strength": 1.46570276649156e-09}, {"word_key": "F7T10", "exemplar": -0.1, "exemplar_index": 2, "frequency": 7, "exemplar_strength": 1.5162442411981653e-09}, {"word_key": "F8T8", "exemplar": 0.7, "exemplar_index": 6, "frequency": 8, "exemplar_strength": 1.5685285253774124e-09}, {"word_key": "F6T12", "exemplar": 0.5, "exemplar_index": 2, "frequency": 6, "exemplar_strength": 1.622615715907668e-09}, {"word_key": "F7T5", "exemplar": 0.3, "exemplar_index": 1, "frequency": 7, "exemplar_strength": 1.6785679819734497e-09}, {"word_key": "F7T5", "exemplar": -1.0, "exemplar_index": 5, "frequency": 7, "exemplar_strength": 1.7364496365242582e-09}, {"word_key": "F4T7", "exemplar": 0.1, "exemplar_index": 1, "frequency": 4, "exemplar_strength": 1.7963272101975085e-09}, {"word_key": "F9T4", "exemplar": -0.9, "exemplar_index": 0, "frequency": 9, "exemplar_strength": 1.8582695277905261e-09}, {"word_key": "F4T7", "exemplar": 0.1, "exemplar_index": 1, "frequency": 4, "exemplar_strength": 1.9223477873695098e-09}, {"word_key": "F4T2", "exemplar": 1.5, "exemplar_index": 1, "frequency": 4, "exemplar_strength": 1.9886356421063893e-09}, {"word_key": "F3T7", "exemplar": 1.1, "exemplar_index": 2, "frequency": 3, "exemplar_strength": 2.057209284937644e-09}, {"word_key": "F9T5", "exemplar": -1.0, "exemplar_index": 8, "frequency": 9, "exemplar_strength": 2.1281475361423904e-09}, {"word_key": "F6T6", "exemplar": 0.9, "exemplar_index": 2, "frequency": 6, "exemplar_strength": 2.201531933940404e-09}, {"word_key": "F4T7", "exemplar": 0.1, "exemplar_index": 1, "frequency": 4, "exemplar_strength": 2.277446828214211e-09}, {"word_key": "F6T11", "exemplar": 0.9, "exemplar_index": 5, "frequency": 6, "exemplar_strength": 2.355979477462977e-09}, {"word_key": "F7T10", "exemplar": -0.1, "exemplar_index": 2, "frequency": 7, "exemplar_strength": 2.4372201490996313e-09}, {"word_key": "F10T2", "exemplar": -0.2, "exemplar_index": 3, "frequency": 10, "exemplar_strength": 2.521262223206515e-09}, {"word_key": "F5T7", "exemplar": -1.6, "exemplar_index": 4, "frequency": 5, "exemplar_strength": 2.608202299868809e-09}, {"word_key": "F6T8", "exemplar": 1.4, "exemplar_index": 3, "frequency": 6, "exemplar_strength": 2.6981403102091124e-09}, {"word_key": "F8T7", "exemplar": -0.3, "exemplar_index": 5, "frequency": 8, "exemplar_strength": 2.791179631250806e-09}, {"word_key": "F9T3", "exemplar": -0.5, "exemplar_index": 8, "frequency": 9, "exemplar_strength": 2.887427204742213e-09}, {"word_key": "F6T8", "exemplar": 1.4, "exemplar_index": 3, "frequency": 6, "exemplar_strength": 2.9869936600781512e-09}, {"word_key": "F12T1", "exemplar": 0.8, "exemplar_index": 1, "frequency": 12, "exemplar_strength": 3.0899934414601566e-09}, {"word_key": "F7T7", "exemplar": 1.2, "exemplar_index": 6, "frequency": 7, "exemplar_strength": 3.1965449394415413e-09}, {"word_key": "F8T8", "exemplar": 0.7, "exemplar_index": 6, "frequency": 8, "exemplar_strength": 3.306770627008491e-09}, {"word_key": "F3T5", "exemplar": 0.2, "exemplar_index": 0, "frequency": 3, "exemplar_strength": 3.420797200353611e-09}, {"word_key": "F5T8", "exemplar": -0.9, "exemplar_index": 1, "frequency": 5, "exemplar_strength": 3.5387557245037357e-09}, {"word_key": "F5T8", "exemplar": -0.9, "exemplar_index": 1, "frequency": 5, "exemplar_strength": 3.6607817839693816e-09}, {"word_key": "F10T3", "exemplar": -0.2, "exemplar_index": 5, "frequency": 10, "exemplar_strength": 3.787015638589016e-09}, {"word_key": "F7T2", "exemplar": -0.4, "exemplar_index": 6, "frequency": 7, "exemplar_strength": 3.9176023847472574e-09}, {"word_key": "F7T4", "exemplar": -1.4, "exemplar_index": 0, "frequency": 7, "exemplar_strength": 4.0526921221523355e-09}, {"word_key": "F9T3", "exemplar": -0.5, "exemplar_index": 8, "frequency": 9, "exemplar_strength": 4.1924401263644846e-09}, {"word_key": "F6T12", "exemplar": 0.5, "exemplar_index": 2, "frequency": 6, "exemplar_strength": 4.337007027273605e-09}, {"word_key": "F4T3", "exemplar": -1.2, "exemplar_index": 0, "frequency": 4, "exemplar_strength": 4.486558993731315e-09}, {"word_key": "F8T3", "exemplar": -0.5, "exemplar_index": 6, "frequency": 8, "exemplar_strength": 4.641267924549636e-09}, {"word_key": "F5T7", "exemplar": -1.6, "exemplar_index": 4, "frequency": 5, "exemplar_strength": 4.8013116460858305e-09}, {"word_key": "F8T6", "exemplar": 0.5, "exemplar_index": 3, "frequency": 8, "exemplar_strength": 4.966874116640514e-09}, {"word_key": "F3T3", "exemplar": 0.2, "exemplar_index": 0, "frequency": 3, "exemplar_strength": 5.13814563790398e-09}, {"word_key": "F8T6", "exemplar": 0.5, "exemplar_index": 3, "frequency": 8, "exemplar_strength": 5.3153230736937726e-09}, {"word_key": "F8T6", "exemplar": 0.5, "exemplar_index": 3, "frequency": 8, "exemplar_strength": 5.498610076234937e-09}, {"word_key": "F2T9", "exemplar": 1.2, "exemplar_index": 0, "frequency": 2, "exemplar_strength": 5.6882173202430386e-09}, {"word_key": "F8T5", "exemplar": 1.5, "exemplar_index": 3, "frequency": 8, "exemplar_strength": 5.8843627450790055e-09}, {"word_key": "F4T2", "exemplar": 1.5, "exemplar_index": 2, "frequency": 4, "exemplar_strength": 6.087271805254144e-09}, {"word_key": "F8T5", "exemplar": 1.5, "exemplar_index": 3, "frequency": 8, "exemplar_strength": 6.297177729573252e-09}, {"word_key": "F6T8", "exemplar": 1.4, "exemplar_index": 3, "frequency": 6, "exemplar_strength": 6.514321789213708e-09}, {"word_key": "F3T3", "exemplar": 0.2, "exemplar_index": 0, "frequency": 3, "exemplar_strength": 6.7389535750486635e-09}, {"word_key": "F8T2", "exemplar": -1.2, "exemplar_index": 3, "frequency": 8, "exemplar_strength": 6.9713312845331e-09}, {"word_key": "F7T1", "exemplar": -0.7, "exemplar_index": 6, "frequency": 7, "exemplar_strength": 7.211722018482517e-09}, {"word_key": "F10T3", "exemplar": -0.2, "exemplar_index": 2, "frequency": 10, "exemplar_strength": 7.460402088085363e-09}, {"word_key": "F8T4", "exemplar": 0.8, "exemplar_index": 6, "frequency": 8, "exemplar_strength": 7.7176573325021e-09}, {"word_key": "F5T9", "exemplar": 1.6, "exemplar_index": 2, "frequency": 5, "exemplar_strength": 7.983783447415966e-09}, {"word_key": "F6T7", "exemplar": -0.6, "exemplar_index": 5, "frequency": 6, "exemplar_strength": 8.259086324913068e-09}, {"word_key": "F4T4", "exemplar": 1.3, "exemplar_index": 1, "frequency": 4, "exemplar_strength": 8.543882405082483e-09}, {"word_key": "F9T3", "exemplar": -0.5, "exemplar_index": 8, "frequency": 9, "exemplar_strength": 8.8384990397405e-09}, {"word_key": "F9T3", "exemplar": -0.5, "exemplar_index": 8, "frequency": 9, "exemplar_strength": 9.143274868697068e-09}, {"word_key": "F8T5", "exemplar": 1.5, "exemplar_index": 3, "frequency": 8, "exemplar_strength": 9.458560208996967e-09}, {"word_key": "F6T12", "exemplar": -0.9, "exemplar_index": 1, "frequency": 6, "exemplar_strength": 9.784717457583069e-09}, {"word_key": "F4T3", "exemplar": -1.2, "exemplar_index": 0, "frequency": 4, "exemplar_strength": 1.0122121507844554e-08}, {"word_key": "F4T2", "exemplar": -1.2, "exemplar_index": 3, "frequency": 4, "exemplar_strength": 1.047116018052885e-08}, {"word_key": "F9T1", "exemplar": 0.9, "exemplar_index": 6, "frequency": 9, "exemplar_strength": 1.0832234669512604e-08}, {"word_key": "F8T2", "exemplar": -1.2, "exemplar_index": 3, "frequency": 8, "exemplar_strength": 1.1205760002944072e-08}, {"word_key": "F9T4", "exemplar": -1.6, "exemplar_index": 2, "frequency": 9, "exemplar_strength": 1.159216552028697e-08}, {"word_key": "F6T2", "exemplar": -0.5, "exemplar_index": 1, "frequency": 6, "exemplar_strength": 1.1991895365814106e-08}, {"word_key": "F7T5", "exemplar": -1.0, "exemplar_index": 5, "frequency": 7, "exemplar_strength": 1.240540899911804e-08}, {"word_key": "F6T9", "exemplar": 0.2, "exemplar_index": 5, "frequency": 6, "exemplar_strength": 1.2833181723225559e-08}, {"word_key": "F5T6", "exemplar": -0.9, "exemplar_index": 1, "frequency": 5, "exemplar_strength": 1.3275705230922992e-08}, {"word_key": "F4T7", "exemplar": 0.1, "exemplar_index": 1, "frequency": 4, "exemplar_strength": 1.3733488169920336e-08}, {"word_key": "F8T1", "exemplar": 0.9, "exemplar_index": 3, "frequency": 8, "exemplar_strength": 1.4207056727503796e-08}, {"word_key": "F8T4", "exemplar": 0.8, "exemplar_index": 6, "frequency": 8, "exemplar_strength": 1.4696955235348754e-08}, {"word_key": "F9T4", "exemplar": -1.6, "exemplar_index": 2, "frequency": 9, "exemplar_strength": 1.5203746795188367e-08}, {"word_key": "F7T12", "exemplar": -0.5, "exemplar_index": 3, "frequency": 7, "exemplar_strength": 1.572801392605693e-08}, {"word_key": "F8T7", "exemplar": 1.2, "exemplar_index": 1, "frequency": 8, "exemplar_strength": 1.6270359233851997e-08}, {"word_key": "F9T2", "exemplar": -2.0, "exemplar_index": 5, "frequency": 9, "exemplar_strength": 1.6831406103984826e-08}, {"word_key": "F4T3", "exemplar": -1.2, "exemplar_index": 0, "frequency": 4, "exemplar_strength": 1.7411799417915335e-08}, {"word_key": "F4T5", "exemplar": -1.2, "exemplar_index": 0, "frequency": 4, "exemplar_strength": 1.8012206294395174e-08}, {"word_key": "F2T3", "exemplar": -0.2, "exemplar_index": 0, "frequency": 2, "exemplar_strength": 1.8633316856270868e-08}, {"word_key": "F12T1", "exemplar": -0.2, "exemplar_index": 6, "frequency": 12, "exemplar_strength": 1.9275845023728483e-08}, {"word_key": "F5T5", "exemplar": -0.8, "exemplar_index": 1, "frequency": 5, "exemplar_strength": 1.9940529334891534e-08}, {"word_key": "F3T3", "exemplar": 0.2, "exemplar_index": 0, "frequency": 3, "exemplar_strength": 2.062813379471538e-08}, {"word_key": "F4T9", "exemplar": 0.5, "exemplar_index": 0, "frequency": 4, "exemplar_strength": 2.133944875315384e-08}, {"word_key": "F9T4", "exemplar": -0.4, "exemplar_index": 3, "frequency": 9, "exemplar_strength": 2.207529181360742e-08}, {"word_key": "F6T5", "exemplar": 1.2, "exemplar_index": 5, "frequency": 6, "exemplar_strength": 2.2836508772697332e-08}, {"word_key": "F6T12", "exemplar": 0.5, "exemplar_index": 2, "frequency": 6, "exemplar_strength": 2.3623974592445517e-08}, {"word_key": "F8T7", "exemplar": 1.2, "exemplar_index": 1, "frequency": 8, "exemplar_strength": 2.443859440597812e-08}, {"word_key": "F9T1", "exemplar": -0.6, "exemplar_index": 5, "frequency": 9, "exemplar_strength": 2.5281304557908403e-08}, {"word_key": "F7T8", "exemplar": 1.9, "exemplar_index": 4, "frequency": 7, "exemplar_strength": 2.61530736805949e-08}, {"word_key": "F3T3", "exemplar": 0.2, "exemplar_index": 0, "frequency": 3, "exemplar_strength": 2.7054903807511967e-08}, {"word_key": "F4T9", "exemplar": 0.6, "exemplar_index": 1, "frequency": 4, "exemplar_strength": 2.798783152501238e-08}, {"word_key": "F9T1", "exemplar": -0.5, "exemplar_index": 1, "frequency": 9, "exemplar_strength": 2.895292916380591e-08}, {"word_key": "F9T5", "exemplar": 0.2, "exemplar_index": 6, "frequency": 9, "exemplar_strength": 2.9951306031523356e-08}, {"word_key": "F3T9", "exemplar": -0.3, "exemplar_index": 1, "frequency": 3, "exemplar_strength": 3.0984109687782785e-08}, {"word_key": "F9T3", "exemplar": 0.9, "exemplar_index": 6, "frequency": 9, "exemplar_strength": 3.205252726322357e-08}, {"word_key": "F7T2", "exemplar": -0.4, "exemplar_index": 6, "frequency": 7, "exemplar_strength": 3.315778682402438e-08}, {"word_key": "F7T10", "exemplar": 0.5, "exemplar_index": 4, "frequency": 7, "exemplar_strength": 3.4301158783473495e-08}, {"word_key": "F7T9", "exemplar": -1.1, "exemplar_index": 0, "frequency": 7, "exemplar_strength": 3.548395736221396e-08}, {"word_key": "F4T9", "exemplar": 0.6, "exemplar_index": 1, "frequency": 4, "exemplar_strength": 3.670754209884203e-08}, {"word_key": "F4T4", "exemplar": 1.3, "exemplar_index": 1, "frequency": 4, "exemplar_strength": 3.79733194125952e-08}, {"word_key": "F6T7", "exemplar": 0.7, "exemplar_index": 4, "frequency": 6, "exemplar_strength": 3.928274421992607e-08}, {"word_key": "F7T2", "exemplar": -0.4, "exemplar_index": 6, "frequency": 7, "exemplar_strength": 4.063732160682007e-08}, {"word_key": "F8T5", "exemplar": 1.5, "exemplar_index": 3, "frequency": 8, "exemplar_strength": 4.203860855877938e-08}, {"word_key": "F5T13", "exemplar": -1.0, "exemplar_index": 1, "frequency": 5, "exemplar_strength": 4.348821575046143e-08}, {"word_key": "F7T5", "exemplar": 0.4, "exemplar_index": 4, "frequency": 7, "exemplar_strength": 4.4987809397029066e-08}, {"word_key": "F6T9", "exemplar": -0.9, "exemplar_index": 2, "frequency": 6, "exemplar_strength": 4.653911316934041e-08}, {"word_key": "F7T3", "exemplar": -1.9, "exemplar_index": 0, "frequency": 7, "exemplar_strength": 4.8143910175179736e-08}, {"word_key": "F8T8", "exemplar": -2.2, "exemplar_index": 5, "frequency": 8, "exemplar_strength": 4.9804045008806626e-08}, {"word_key": "F4T8", "exemplar": -0.3, "exemplar_index": 1, "frequency": 4, "exemplar_strength": 5.152142587117927e-08}, {"word_key": "F12T1", "exemplar": -0.2, "exemplar_index": 6, "frequency": 12, "exemplar_strength": 5.32980267632889e-08}, {"word_key": "F8T6", "exemplar": 0.5, "exemplar_index": 3, "frequency": 8, "exemplar_strength": 5.5135889755126444e-08}, {"word_key": "F7T3", "exemplar": -1.5, "exemplar_index": 4, "frequency": 7, "exemplar_strength": 5.703712733288942e-08}, {"word_key": "F8T4", "exemplar": -0.2, "exemplar_index": 5, "frequency": 8, "exemplar_strength": 5.900392482712699e-08}, {"word_key": "F7T7", "exemplar": -1.6, "exemplar_index": 3, "frequency": 7, "exemplar_strength": 6.103854292461413e-08}, {"word_key": "F7T9", "exemplar": -1.1, "exemplar_index": 0, "frequency": 7, "exemplar_strength": 6.31433202668422e-08}, {"word_key": "F10T2", "exemplar": -0.2, "exemplar_index": 3, "frequency": 10, "exemplar_strength": 6.532067613811262e-08}, {"word_key": "F11T1", "exemplar": 1.5, "exemplar_index": 5, "frequency": 11, "exemplar_strength": 6.757311324632341e-08}, {"word_key": "F4T1", "exemplar": -1.2, "exemplar_index": 0, "frequency": 4, "exemplar_strength": 6.990322059964491e-08}, {"word_key": "F12T1", "exemplar": -0.2, "exemplar_index": 6, "frequency": 12, "exemplar_strength": 7.231367648239128e-08}, {"word_key": "F7T12", "exemplar": -0.5, "exemplar_index": 3, "frequency": 7, "exemplar_strength": 7.480725153350823e-08}, {"word_key": "F7T11", "exemplar": -0.1, "exemplar_index": 6, "frequency": 7, "exemplar_strength": 7.73868119312154e-08}, {"word_key": "F4T5", "exemplar": 0.7, "exemplar_index": 1, "frequency": 4, "exemplar_strength": 8.005532268746421e-08}, {"word_key": "F5T7", "exemplar": -1.6, "exemplar_index": 4, "frequency": 5, "exemplar_strength": 8.281585105599746e-08}, {"word_key": "F2T5", "exemplar": -0.5, "exemplar_index": 1, "frequency": 2, "exemplar_strength": 8.56715700579284e-08}, {"word_key": "F9T5", "exemplar": -1.6, "exemplar_index": 1, "frequency": 9, "exemplar_strength": 8.862576212889145e-08}, {"word_key": "F7T11", "exemplar": -0.2, "exemplar_index": 5, "frequency": 7, "exemplar_strength": 9.168182289195668e-08}, {"word_key": "F8T6", "exemplar": 0.5, "exemplar_index": 3, "frequency": 8, "exemplar_strength": 9.484326506064484e-08}, {"word_key": "F9T4", "exemplar": -1.6, "exemplar_index": 2, "frequency": 9, "exemplar_strength": 9.811372247652914e-08}, {"word_key": "F7T2", "exemplar": 0.5, "exemplar_index": 3, "frequency": 7, "exemplar_strength": 1.0149695428606463e-07}, {"word_key": "F4T1", "exemplar": -1.2, "exemplar_index": 0, "frequency": 4, "exemplar_strength": 1.0499684926144617e-07}, {"word_key": "F7T3", "exemplar": -0.2, "exemplar_index": 2, "frequency": 7, "exemplar_strength": 1.0861743027046156e-07}, {"word_key": "F4T1", "exemplar": -1.2, "exemplar_index": 0, "frequency": 4, "exemplar_strength": 1.1236285890047748e-07}, {"word_key": "F4T8", "exemplar": -0.3, "exemplar_index": 1, "frequency": 4, "exemplar_strength": 1.1623744024187325e-07}, {"word_key": "F6T6", "exemplar": 1.3, "exemplar_index": 5, "frequency": 6, "exemplar_strength": 1.202456278364206e-07}, {"word_key": "F5T4", "exemplar": -1.4, "exemplar_index": 3, "frequency": 5, "exemplar_strength": 1.2439202879629717e-07}, {"word_key": "F6T1", "exemplar": 1.2, "exemplar_index": 3, "frequency": 6, "exemplar_strength": 1.2868140909961776e-07}, {"word_key": "F6T12", "exemplar": 0.5, "exemplar_index": 2, "frequency": 6, "exemplar_strength": 1.331186990685701e-07}, {"word_key": "F6T12", "exemplar": 0.5, "exemplar_index": 2, "frequency": 6, "exemplar_strength": 1.3770899903645183e-07}, {"word_key": "F9T1", "exemplar": -1.2, "exemplar_index": 0, "frequency": 9, "exemplar_strength": 1.4245758521012258e-07}, {"word_key": "F2T6", "exemplar": -2.1, "exemplar_index": 0, "frequency": 2, "exemplar_strength": 1.4736991573460956e-07}, {"word_key": "F5T9", "exemplar": 1.6, "exemplar_index": 2, "frequency": 5, "exemplar_strength": 1.5245163696683747e-07}, {"word_key": "F9T5", "exemplar": 0.2, "exemplar_index": 6, "frequency": 9, "exemplar_strength": 1.5770858996569394e-07}, {"word_key": "F5T12", "exemplar": 1.2, "exemplar_index": 3, "frequency": 5, "exemplar_strength": 1.6314681720589028e-07}, {"word_key": "F4T8", "exemplar": -0.3, "exemplar_index": 1, "frequency": 4, "exemplar_strength": 1.6877256952333478e-07}, {"word_key": "F3T8", "exemplar": 1.5, "exemplar_index": 1, "frequency": 3, "exemplar_strength": 1.745923133000015e-07}, {"word_key": "F5T6", "exemplar": -0.4, "exemplar_index": 3, "frequency": 5, "exemplar_strength": 1.8061273789655328e-07}, {"word_key": "F10T1", "exemplar": -1.0, "exemplar_index": 1, "frequency": 10, "exemplar_strength": 1.8684076334126202e-07}, {"word_key": "F8T3", "exemplar": 0.4, "exemplar_index": 4, "frequency": 8, "exemplar_strength": 1.9328354828406415e-07}, {"word_key": "F5T1", "exemplar": -2.2, "exemplar_index": 3, "frequency": 5, "exemplar_strength": 1.9994849822489394e-07}, {"word_key": "F8T1", "exemplar": 1.5, "exemplar_index": 5, "frequency": 8, "exemplar_strength": 2.0684327402575235e-07}, {"word_key": "F6T3", "exemplar": -1.6, "exemplar_index": 3, "frequency": 6, "exemplar_strength": 2.1397580071629553e-07}, {"word_key": "F7T10", "exemplar": -1.1, "exemplar_index": 6, "frequency": 7, "exemplar_strength": 2.2135427660306433e-07}, {"word_key": "F4T10", "exemplar": -0.9, "exemplar_index": 1, "frequency": 4, "exemplar_strength": 2.2898718269282516e-07}, {"word_key": "F8T8", "exemplar": 0.7, "exemplar_index": 6, "frequency": 8, "exemplar_strength": 2.3688329244085361e-07}, {"word_key": "F7T9", "exemplar": -1.1, "exemplar_index": 0, "frequency": 7, "exemplar_strength": 2.450516818353658e-07}, {"word_key": "F8T3", "exemplar": -0.3, "exemplar_index": 2, "frequency": 8, "exemplar_strength": 2.535017398296888e-07}, {"word_key": "F7T5", "exemplar": -0.4, "exemplar_index": 2, "frequency": 7, "exemplar_strength": 2.622431791341608e-07}, {"word_key": "F6T13", "exemplar": 1.9, "exemplar_index": 3, "frequency": 6, "exemplar_strength": 2.7128604738016633e-07}, {"word_key": "F4T3", "exemplar": -1.2, "exemplar_index": 0, "frequency": 4, "exemplar_strength": 2.806407386691376e-07}, {"word_key": "F8T6", "exemplar": 1.2, "exemplar_index": 6, "frequency": 8, "exemplar_strength": 2.903180055197975e-07}, {"word_key": "F8T2", "exemplar": -1.1, "exemplar_index": 6, "frequency": 8, "exemplar_strength": 3.003289712273767e-07}, {"word_key": "F7T4", "exemplar": -2.1, "exemplar_index": 3, "frequency": 7, "exemplar_strength": 3.1068514264901035e-07}, {"word_key": "F4T8", "exemplar": -0.3, "exemplar_index": 1, "frequency": 4, "exemplar_strength": 3.213984234300107e-07}, {"word_key": "F6T1", "exemplar": 0.1, "exemplar_index": 2, "frequency": 6, "exemplar_strength": 3.3248112768621795e-07}, {"word_key": "F5T11", "exemplar": -0.1, "exemplar_index": 1, "frequency": 5, "exemplar_strength": 3.439459941581565e-07}, {"word_key": "F7T2", "exemplar": 0.5, "exemplar_index": 4, "frequency": 7, "exemplar_strength": 3.5580620085326535e-07}, {"word_key": "F7T4", "exemplar": -2.1, "exemplar_index": 3, "frequency": 7, "exemplar_strength": 3.680753801930331e-07}, {"word_key": "F6T11", "exemplar": 0.2, "exemplar_index": 3, "frequency": 6, "exemplar_strength": 3.80767634682448e-07}, {"word_key": "F6T14", "exemplar": -1.5, "exemplar_index": 2, "frequency": 6, "exemplar_strength": 3.938975531197738e-07}, {"word_key": "F6T9", "exemplar": 0.4, "exemplar_index": 4, "frequency": 6, "exemplar_strength": 4.0748022736528325e-07}, {"word_key": "F11T1", "exemplar": 0.6, "exemplar_index": 4, "frequency": 11, "exemplar_strength": 4.2153126968822405e-07}, {"word_key": "F12T1", "exemplar": -1.7, "exemplar_index": 8, "frequency": 12, "exemplar_strength": 4.360668307119559e-07}, {"word_key": "F9T3", "exemplar": 0.6, "exemplar_index": 1, "frequency": 9, "exemplar_strength": 4.511036179778854e-07}, {"word_key": "F8T5", "exemplar": -0.9, "exemplar_index": 5, "frequency": 8, "exemplar_strength": 4.6665891514953663e-07}, {"word_key": "F3T2", "exemplar": 1.2, "exemplar_index": 1, "frequency": 3, "exemplar_strength": 4.82750601878831e-07}, {"word_key": "F3T5", "exemplar": -0.2, "exemplar_index": 2, "frequency": 3, "exemplar_strength": 4.993971743574113e-07}, {"word_key": "F10T2", "exemplar": -0.2, "exemplar_index": 5, "frequency": 10, "exemplar_strength": 5.166177665766324e-07}, {"word_key": "F7T8", "exemplar": 1.9, "exemplar_index": 4, "frequency": 7, "exemplar_strength": 5.344321723206542e-07}, {"word_key": "F9T3", "exemplar": 0.6, "exemplar_index": 1, "frequency": 9, "exemplar_strength": 5.528608679179181e-07}, {"word_key": "F10T2", "exemplar": -0.2, "exemplar_index": 5, "frequency": 10, "exemplar_strength": 5.719250357771567e-07}, {"word_key": "F9T4", "exemplar": -0.5, "exemplar_index": 6, "frequency": 9, "exemplar_strength": 5.916465887349896e-07}, {"word_key": "F6T12", "exemplar": 0.5, "exemplar_index": 2, "frequency": 6, "exemplar_strength": 6.120481952430927e-07}, {"word_key": "F10T1", "exemplar": 1.6, "exemplar_index": 8, "frequency": 10, "exemplar_strength": 6.33153305423889e-07}, {"word_key": "F5T2", "exemplar": 1.0, "exemplar_index": 1, "frequency": 5, "exemplar_strength": 6.549861780247127e-07}, {"word_key": "F6T14", "exemplar": -1.5, "exemplar_index": 2, "frequency": 6, "exemplar_strength": 6.77571908301427e-07}, {"word_key": "F10T3", "exemplar": 1.1, "exemplar_index": 4, "frequency": 10, "exemplar_strength": 7.009364568635452e-07}, {"word_key": "F7T12", "exemplar": 0.6, "exemplar_index": 1, "frequency": 7, "exemplar_strength": 7.251066795140122e-07}, {"word_key": "F3T1", "exemplar": -1.1, "exemplar_index": 1, "frequency": 3, "exemplar_strength": 7.501103581179437e-07}, {"word_key": "F7T5", "exemplar": -0.4, "exemplar_index": 2, "frequency": 7, "exemplar_strength": 7.759762325358039e-07}, {"word_key": "F9T1", "exemplar": 2.2, "exemplar_index": 7, "frequency": 9, "exemplar_strength": 8.027340336577281e-07}, {"word_key": "F4T4", "exemplar": 1.3, "exemplar_index": 1, "frequency": 4, "exemplar_strength": 8.304145175769602e-07}, {"word_key": "F5T5", "exemplar": -0.8, "exemplar_index": 1, "frequency": 5, "exemplar_strength": 8.590495009416829e-07}, {"word_key": "F3T9", "exemplar": -0.3, "exemplar_index": 1, "frequency": 3, "exemplar_strength": 8.886718975258789e-07}, {"word_key": "F9T5", "exemplar": 0.1, "exemplar_index": 3, "frequency": 9, "exemplar_strength": 9.19315756061254e-07}, {"word_key": "F2T1", "exemplar": 1.9, "exemplar_index": 1, "frequency": 2, "exemplar_strength": 9.510162993737111e-07}, {"word_key": "F7T10", "exemplar": -1.1, "exemplar_index": 6, "frequency": 7, "exemplar_strength": 9.838099648693562e-07}, {"word_key": "F7T10", "exemplar": -1.1, "exemplar_index": 6, "frequency": 7, "exemplar_strength": 1.0177344464165755e-06}, {"word_key": "F7T3", "exemplar": 0.7, "exemplar_index": 5, "frequency": 7, "exemplar_strength": 1.0528287376723195e-06}, {"word_key": "F9T5", "exemplar": 0.1, "exemplar_index": 3, "frequency": 9, "exemplar_strength": 1.0891331769023996e-06}, {"word_key": "F8T3", "exemplar": 1.0, "exemplar_index": 7, "frequency": 8, "exemplar_strength": 1.12668949334731e-06}, {"word_key": "F3T10", "exemplar": -1.6, "exemplar_index": 2, "frequency": 3, "exemplar_strength": 1.1655408551868724e-06}, {"word_key": "F8T4", "exemplar": 0.1, "exemplar_index": 4, "frequency": 8, "exemplar_strength": 1.2057319191588335e-06}, {"word_key": "F9T1", "exemplar": 2.2, "exemplar_index": 7, "frequency": 9, "exemplar_strength": 1.2473088818884484e-06}, {"word_key": "F6T14", "exemplar": 0.1, "exemplar_index": 1, "frequency": 6, "exemplar_strength": 1.29031953298805e-06}, {"word_key": "F5T4", "exemplar": -1.5, "exemplar_index": 0, "frequency": 5, "exemplar_strength": 1.3348133099876379e-06}, {"word_key": "F7T12", "exemplar": 0.6, "exemplar_index": 1, "frequency": 7, "exemplar_strength": 1.3808413551596254e-06}, {"word_key": "F7T5", "exemplar": -0.3, "exemplar_index": 6, "frequency": 7, "exemplar_strength": 1.4284565743030607e-06}, {"word_key": "F7T6", "exemplar": 0.6, "exemplar_index": 5, "frequency": 7, "exemplar_strength": 1.4777136975548903e-06}, {"word_key": "F8T7", "exemplar": -1.0, "exemplar_index": 7, "frequency": 8, "exemplar_strength": 1.5286693422981624e-06}, {"word_key": "F4T4", "exemplar": 1.3, "exemplar_index": 1, "frequency": 4, "exemplar_strength": 1.5813820782394782e-06}, {"word_key": "F6T13", "exemplar": 1.9, "exemplar_index": 3, "frequency": 6, "exemplar_strength": 1.6359124947304946e-06}, {"word_key": "F8T1", "exemplar": 1.8, "exemplar_index": 1, "frequency": 8, "exemplar_strength": 1.6923232704108565e-06}, {"word_key": "F9T2", "exemplar": 0.4, "exemplar_index": 1, "frequency": 9, "exemplar_strength": 1.7506792452526102e-06}, {"word_key": "F3T8", "exemplar": -0.2, "exemplar_index": 2, "frequency": 3, "exemplar_strength": 1.811047495088907e-06}, {"word_key": "F7T4", "exemplar": -0.9, "exemplar_index": 4, "frequency": 7, "exemplar_strength": 1.8734974087126625e-06}, {"word_key": "F3T4", "exemplar": -0.2, "exemplar_index": 0, "frequency": 3, "exemplar_strength": 1.9381007676337886e-06}, {"word_key": "F7T8", "exemplar": 1.9, "exemplar_index": 5, "frequency": 7, "exemplar_strength": 2.004931828586678e-06}, {"word_key": "F7T4", "exemplar": -0.9, "exemplar_index": 4, "frequency": 7, "exemplar_strength": 2.0740674088827702e-06}, {"word_key": "F7T9", "exemplar": 0.5, "exemplar_index": 5, "frequency": 7, "exemplar_strength": 2.145586974706314e-06}, {"word_key": "F8T6", "exemplar": 1.2, "exemplar_index": 6, "frequency": 8, "exemplar_strength": 2.2195727324548076e-06}, {"word_key": "F10T1", "exemplar": 0.5, "exemplar_index": 4, "frequency": 10, "exemplar_strength": 2.2961097232291115e-06}, {"word_key": "F7T12", "exemplar": 0.6, "exemplar_index": 1, "frequency": 7, "exemplar_strength": 2.3752859205818393e-06}, {"word_key": "F5T11", "exemplar": -0.1, "exemplar_index": 1, "frequency": 5, "exemplar_strength": 2.4571923316363854e-06}, {"word_key": "F8T1", "exemplar": 1.9, "exemplar_index": 7, "frequency": 8, "exemplar_strength": 2.5419231016928124e-06}, {"word_key": "F3T8", "exemplar": -0.2, "exemplar_index": 2, "frequency": 3, "exemplar_strength": 2.6295756224408405e-06}, {"word_key": "F1T4", "exemplar": 0.2, "exemplar_index": 0, "frequency": 1, "exemplar_strength": 2.7202506439043176e-06}, {"word_key": "F4T6", "exemplar": 0.2, "exemplar_index": 2, "frequency": 4, "exemplar_strength": 2.8140523902458456e-06}, {"word_key": "F7T3", "exemplar": -1.5, "exemplar_index": 4, "frequency": 7, "exemplar_strength": 2.911088679564668e-06}, {"word_key": "F6T7", "exemplar": -0.2, "exemplar_index": 3, "frequency": 6, "exemplar_strength": 3.0114710478255183e-06}, {"word_key": "F5T5", "exemplar": -1.9, "exemplar_index": 0, "frequency": 5, "exemplar_strength": 3.115314877060881e-06}, {"word_key": "F6T6", "exemplar": -0.2, "exemplar_index": 4, "frequency": 6, "exemplar_strength": 3.2227395279940148e-06}, {"word_key": "F4T9", "exemplar": 0.5, "exemplar_index": 0, "frequency": 4, "exemplar_strength": 3.333868477235188e-06}, {"word_key": "F5T6", "exemplar": -1.2, "exemplar_index": 4, "frequency": 5, "exemplar_strength": 3.448829459208815e-06}, {"word_key": "F3T9", "exemplar": -0.3, "exemplar_index": 1, "frequency": 3, "exemplar_strength": 3.567754612974636e-06}, {"word_key": "F4T6", "exemplar": 0.2, "exemplar_index": 2, "frequency": 4, "exemplar_strength": 3.6907806341116925e-06}, {"word_key": "F6T1", "exemplar": 0.7, "exemplar_index": 1, "frequency": 6, "exemplar_strength": 3.818048931839682e-06}, {"word_key": "F8T7", "exemplar": 1.2, "exemplar_index": 2, "frequency": 8, "exemplar_strength": 3.949705791558291e-06}, {"word_key": "F7T3", "exemplar": -1.5, "exemplar_index": 4, "frequency": 7, "exemplar_strength": 4.085902542991335e-06}, {"word_key": "F7T9", "exemplar": -1.1, "exemplar_index": 0, "frequency": 7, "exemplar_strength": 4.2267957341289674e-06}, {"word_key": "F7T12", "exemplar": 0.6, "exemplar_index": 1, "frequency": 7, "exemplar_strength": 4.3725473111678974e-06}, {"word_key": "F7T2", "exemplar": 0.5, "exemplar_index": 4, "frequency": 7, "exemplar_strength": 4.523324804656446e-06}, {"word_key": "F3T7", "exemplar": -1.1, "exemplar_index": 0, "frequency": 3, "exemplar_strength": 4.6793015220583915e-06}, {"word_key": "F6T1", "exemplar": 0.7, "exemplar_index": 1, "frequency": 6, "exemplar_strength": 4.840656746956956e-06}, {"word_key": "F6T9", "exemplar": 0.2, "exemplar_index": 5, "frequency": 6, "exemplar_strength": 5.0075759451278855e-06}, {"word_key": "F10T1", "exemplar": 0.5, "exemplar_index": 4, "frequency": 10, "exemplar_strength": 5.180250977718502e-06}, {"word_key": "F8T5", "exemplar": -0.9, "exemplar_index": 5, "frequency": 8, "exemplar_strength": 5.358880321777761e-06}, {"word_key": "F5T8", "exemplar": -0.4, "exemplar_index": 2, "frequency": 5, "exemplar_strength": 5.5436692983907865e-06}, {"word_key": "F6T12", "exemplar": 0.5, "exemplar_index": 3, "frequency": 6, "exemplar_strength": 5.734830308680124e-06}, {"word_key": "F9T3", "exemplar": 0.1, "exemplar_index": 2, "frequency": 9, "exemplar_strength": 5.932583077944956e-06}, {"word_key": "F7T10", "exemplar": 0.3, "exemplar_index": 5, "frequency": 7, "exemplar_strength": 6.13715490821892e-06}, {"word_key": "F9T4", "exemplar": -1.0, "exemplar_index": 8, "frequency": 9, "exemplar_strength": 6.348780939536814e-06}, {"word_key": "F7T2", "exemplar": 0.5, "exemplar_index": 4, "frequency": 7, "exemplar_strength": 6.567704420210497e-06}, {"word_key": "F4T8", "exemplar": -0.3, "exemplar_index": 1, "frequency": 4, "exemplar_strength": 6.794176986424653e-06}, {"word_key": "F6T7", "exemplar": -0.2, "exemplar_index": 3, "frequency": 6, "exemplar_strength": 7.028458951473778e-06}, {"word_key": "F6T11", "exemplar": 1.1, "exemplar_index": 2, "frequency": 6, "exemplar_strength": 7.2708196049728735e-06}, {"word_key": "F2T4", "exemplar": 0.8, "exemplar_index": 0, "frequency": 2, "exemplar_strength": 7.5215375223857315e-06}, {"word_key": "F5T13", "exemplar": -1.0, "exemplar_index": 4, "frequency": 5, "exemplar_strength": 7.780900885226619e-06}, {"word_key": "F3T7", "exemplar": -1.1, "exemplar_index": 0, "frequency": 3, "exemplar_strength": 8.049207812303399e-06}, {"word_key": "F5T11", "exemplar": -0.1, "exemplar_index": 1, "frequency": 5, "exemplar_strength": 8.326766702382827e-06}, {"word_key": "F8T8", "exemplar": -0.1, "exemplar_index": 1, "frequency": 8, "exemplar_strength": 8.613896588671889e-06}, {"word_key": "F2T4", "exemplar": 0.8, "exemplar_index": 0, "frequency": 2, "exemplar_strength": 8.910927505522645e-06}, {"word_key": "F7T7", "exemplar": -0.9, "exemplar_index": 4, "frequency": 7, "exemplar_strength": 9.218200867782045e-06}, {"word_key": "F8T8", "exemplar": -0.1, "exemplar_index": 1, "frequency": 8, "exemplar_strength": 9.536069863222805e-06}, {"word_key": "F3T9", "exemplar": -0.3, "exemplar_index": 1, "frequency": 3, "exemplar_strength": 9.864899858506349e-06}, {"word_key": "F1T3", "exemplar": -0.5, "exemplar_index": 0, "frequency": 1, "exemplar_strength": 1.0205068819144498e-05}, {"word_key": "F8T2", "exemplar": 0.3, "exemplar_index": 4, "frequency": 8, "exemplar_strength": 1.0556967743942584e-05}, {"word_key": "F5T1", "exemplar": 0.3, "exemplar_index": 0, "frequency": 5, "exemplar_strength": 1.0921001114423362e-05}, {"word_key": "F7T10", "exemplar": 0.3, "exemplar_index": 5, "frequency": 7, "exemplar_strength": 1.1297587359748306e-05}, {"word_key": "F7T11", "exemplar": 0.2, "exemplar_index": 3, "frequency": 7, "exemplar_strength": 1.1687159337670662e-05}, {"word_key": "F8T8", "exemplar": -0.1, "exemplar_index": 1, "frequency": 8, "exemplar_strength": 1.2090164832073098e-05}, {"word_key": "F6T1", "exemplar": 0.7, "exemplar_index": 1, "frequency": 6, "exemplar_strength": 1.2507067067661826e-05}, {"word_key": "F6T8", "exemplar": -0.8, "exemplar_index": 1, "frequency": 6, "exemplar_strength": 1.2938345242408786e-05}, {"word_key": "F5T11", "exemplar": -0.1, "exemplar_index": 1, "frequency": 5, "exemplar_strength": 1.3384495078353915e-05}, {"word_key": "F7T5", "exemplar": 0.6, "exemplar_index": 3, "frequency": 7, "exemplar_strength": 1.3846029391400601e-05}, {"word_key": "F2T3", "exemplar": 0.7, "exemplar_index": 1, "frequency": 2, "exemplar_strength": 1.4323478680759242e-05}, {"word_key": "F7T6", "exemplar": -1.2, "exemplar_index": 3, "frequency": 7, "exemplar_strength": 1.4817391738716458e-05}, {"word_key": "F3T5", "exemplar": -0.2, "exemplar_index": 2, "frequency": 3, "exemplar_strength": 1.532833628143082e-05}, {"word_key": "F5T6", "exemplar": -1.2, "exemplar_index": 4, "frequency": 5, "exemplar_strength": 1.5856899601480157e-05}, {"word_key": "F8T8", "exemplar": -0.1, "exemplar_index": 1, "frequency": 8, "exemplar_strength": 1.6403689242910506e-05}, {"word_key": "F7T9", "exemplar": -1.1, "exemplar_index": 0, "frequency": 7, "exemplar_strength": 1.696933369956259e-05}, {"word_key": "F7T10", "exemplar": 0.3, "exemplar_index": 5, "frequency": 7, "exemplar_strength": 1.7554483137478543e-05}, {"word_key": "F3T7", "exemplar": -1.1, "exemplar_index": 0, "frequency": 3, "exemplar_strength": 1.8159810142219182e-05}, {"word_key": "F9T5", "exemplar": 0.3, "exemplar_index": 7, "frequency": 9, "exemplar_strength": 1.8786010491950878e-05}, {"word_key": "F7T6", "exemplar": 1.4, "exemplar_index": 0, "frequency": 7, "exemplar_strength": 1.9433803957190563e-05}, {"word_key": "F3T10", "exemplar": 0.5, "exemplar_index": 0, "frequency": 3, "exemplar_strength": 2.0103935128128168e-05}, {"word_key": "F6T7", "exemplar": -0.2, "exemplar_index": 3, "frequency": 6, "exemplar_strength": 2.0797174270477414e-05}, {"word_key": "F1T5", "exemplar": 0.5, "exemplar_index": 0, "frequency": 1, "exemplar_strength": 2.1514318210838702e-05}, {"word_key": "F5T6", "exemplar": -1.2, "exemplar_index": 4, "frequency": 5, "exemplar_strength": 2.225619125259176e-05}, {"word_key": "F5T4", "exemplar": -1.5, "exemplar_index": 0, "frequency": 5, "exemplar_strength": 2.3023646123370786e-05}, {"word_key": "F3T2", "exemplar": -0.5, "exemplar_index": 0, "frequency": 3, "exemplar_strength": 2.381756495521116e-05}, {"word_key": "F7T1", "exemplar": -1.2, "exemplar_index": 1, "frequency": 7, "exemplar_strength": 2.46388602984943e-05}, {"word_key": "F8T4", "exemplar": 0.1, "exemplar_index": 7, "frequency": 8, "exemplar_strength": 2.5488476170856174e-05}, {"word_key": "F3T10", "exemplar": 0.5, "exemplar_index": 0, "frequency": 3, "exemplar_strength": 2.636738914226501e-05}, {"word_key": "F8T7", "exemplar": -0.7, "exemplar_index": 4, "frequency": 8, "exemplar_strength": 2.7276609457515526e-05}, {"word_key": "F5T10", "exemplar": -0.4, "exemplar_index": 3, "frequency": 5, "exemplar_strength": 2.8217182197429853e-05}, {"word_key": "F7T4", "exemplar": 0.2, "exemplar_index": 1, "frequency": 7, "exemplar_strength": 2.9190188480099848e-05}, {"word_key": "F6T9", "exemplar": 0.4, "exemplar_index": 3, "frequency": 6, "exemplar_strength": 3.0196746703551567e-05}, {"word_key": "F3T1", "exemplar": 0.8, "exemplar_index": 0, "frequency": 3, "exemplar_strength": 3.123801383126024e-05}, {"word_key": "F6T9", "exemplar": 0.4, "exemplar_index": 3, "frequency": 6, "exemplar_strength": 3.2315186721993354e-05}, {"word_key": "F8T2", "exemplar": 0.3, "exemplar_index": 4, "frequency": 8, "exemplar_strength": 3.3429503505510365e-05}, {"word_key": "F9T1", "exemplar": -0.9, "exemplar_index": 4, "frequency": 9, "exemplar_strength": 3.4582245005700375e-05}, {"word_key": "F7T2", "exemplar": 0.5, "exemplar_index": 4, "frequency": 7, "exemplar_strength": 3.577473621279349e-05}, {"word_key": "F12T1", "exemplar": -1.5, "exemplar_index": 0, "frequency": 12, "exemplar_strength": 3.700834780633809e-05}, {"word_key": "F6T1", "exemplar": 0.1, "exemplar_index": 2, "frequency": 6, "exemplar_strength": 3.828449773069457e-05}, {"word_key": "F6T11", "exemplar": 0.2, "exemplar_index": 1, "frequency": 6, "exemplar_strength": 3.960465282485645e-05}, {"word_key": "F6T3", "exemplar": -1.6, "exemplar_index": 1, "frequency": 6, "exemplar_strength": 4.097033050847219e-05}, {"word_key": "F6T2", "exemplar": -0.6, "exemplar_index": 5, "frequency": 6, "exemplar_strength": 4.2383100526005716e-05}, {"word_key": "F8T5", "exemplar": -0.1, "exemplar_index": 0, "frequency": 8, "exemplar_strength": 4.3844586751040396e-05}, {"word_key": "F8T4", "exemplar": 0.1, "exemplar_index": 7, "frequency": 8, "exemplar_strength": 4.535646905280041e-05}, {"word_key": "F3T10", "exemplar": 0.5, "exemplar_index": 0, "frequency": 3, "exemplar_strength": 4.692048522703491e-05}, {"word_key": "F9T3", "exemplar": 0.6, "exemplar_index": 3, "frequency": 9, "exemplar_strength": 4.8538432993484385e-05}, {"word_key": "F7T1", "exemplar": -1.2, "exemplar_index": 1, "frequency": 7, "exemplar_strength": 5.0212172062225226e-05}, {"word_key": "F2T1", "exemplar": 1.9, "exemplar_index": 1, "frequency": 2, "exemplar_strength": 5.194362627126748e-05}, {"word_key": "F8T7", "exemplar": -0.7, "exemplar_index": 4, "frequency": 8, "exemplar_strength": 5.3734785797862906e-05}, {"word_key": "F7T12", "exemplar": 0.4, "exemplar_index": 4, "frequency": 7, "exemplar_strength": 5.5587709446065074e-05}, {"word_key": "F6T13", "exemplar": 0.3, "exemplar_index": 0, "frequency": 6, "exemplar_strength": 5.7504527013170765e-05}, {"word_key": "F9T5", "exemplar": 0.3, "exemplar_index": 7, "frequency": 9, "exemplar_strength": 5.948744173776286e-05}, {"word_key": "F1T1", "exemplar": -1.0, "exemplar_index": 0, "frequency": 1, "exemplar_strength": 6.153873283216848e-05}, {"word_key": "F5T13", "exemplar": -1.0, "exemplar_index": 4, "frequency": 5, "exemplar_strength": 6.366075810224325e-05}, {"word_key": "F7T6", "exemplar": -0.5, "exemplar_index": 1, "frequency": 7, "exemplar_strength": 6.585595665749302e-05}, {"word_key": "F8T6", "exemplar": 0.0, "exemplar_index": 7, "frequency": 8, "exemplar_strength": 6.812685171464795e-05}, {"word_key": "F5T6", "exemplar": -1.2, "exemplar_index": 4, "frequency": 5, "exemplar_strength": 7.047605349791167e-05}, {"word_key": "F8T7", "exemplar": 1.2, "exemplar_index": 2, "frequency": 8, "exemplar_strength": 7.290626223921897e-05}, {"word_key": "F5T5", "exemplar": -0.4, "exemplar_index": 2, "frequency": 5, "exemplar_strength": 7.542027128195066e-05}, {"word_key": "F8T2", "exemplar": 0.6, "exemplar_index": 1, "frequency": 8, "exemplar_strength": 7.80209702916731e-05}, {"word_key": "F9T3", "exemplar": 0.7, "exemplar_index": 0, "frequency": 9, "exemplar_strength": 8.071134857759286e-05}, {"word_key": "F7T3", "exemplar": 1.8, "exemplar_index": 6, "frequency": 7, "exemplar_strength": 8.349449852854434e-05}, {"word_key": "F7T12", "exemplar": 0.4, "exemplar_index": 4, "frequency": 7, "exemplar_strength": 8.637361916745966e-05}, {"word_key": "F4T7", "exemplar": 1.8, "exemplar_index": 2, "frequency": 4, "exemplar_strength": 8.935201982840654e-05}, {"word_key": "F8T7", "exemplar": 1.2, "exemplar_index": 2, "frequency": 8, "exemplar_strength": 9.243312396042056e-05}, {"word_key": "F4T7", "exemplar": -0.8, "exemplar_index": 3, "frequency": 4, "exemplar_strength": 9.562047306250403e-05}, {"word_key": "F5T13", "exemplar": -1.0, "exemplar_index": 4, "frequency": 5, "exemplar_strength": 9.891773075431451e-05}, {"word_key": "F10T1", "exemplar": 1.9, "exemplar_index": 7, "frequency": 10, "exemplar_strength": 0.00010232868698722191}, {"word_key": "F6T5", "exemplar": 0.6, "exemplar_index": 4, "frequency": 6, "exemplar_strength": 0.00010585726240057439}, {"word_key": "F8T8", "exemplar": -0.1, "exemplar_index": 1, "frequency": 8, "exemplar_strength": 0.0001095075128281804}, {"word_key": "F9T2", "exemplar": -0.8, "exemplar_index": 4, "frequency": 9, "exemplar_strength": 0.00011328363396018663}, {"word_key": "F5T6", "exemplar": -1.2, "exemplar_index": 4, "frequency": 5, "exemplar_strength": 0.00011718996616571031}, {"word_key": "F3T2", "exemplar": -0.5, "exemplar_index": 0, "frequency": 3, "exemplar_strength": 0.00012123099948176928}, {"word_key": "F3T3", "exemplar": 0.2, "exemplar_index": 0, "frequency": 3, "exemplar_strength": 0.0001254113787742441}, {"word_key": "F6T14", "exemplar": 1.2, "exemplar_index": 0, "frequency": 6, "exemplar_strength": 0.00012973590907680422}, {"word_key": "F7T3", "exemplar": 1.8, "exemplar_index": 6, "frequency": 7, "exemplar_strength": 0.0001342095611139354}, {"word_key": "F6T2", "exemplar": -0.6, "exemplar_index": 5, "frequency": 6, "exemplar_strength": 0.00013883747701441592}, {"word_key": "F7T8", "exemplar": 2.3, "exemplar_index": 0, "frequency": 7, "exemplar_strength": 0.00014362497622180957}, {"word_key": "F12T1", "exemplar": 1.2, "exemplar_index": 10, "frequency": 12, "exemplar_strength": 0.00014857756160876852}, {"word_key": "F5T6", "exemplar": -1.2, "exemplar_index": 4, "frequency": 5, "exemplar_strength": 0.00015370092580217434}, {"word_key": "F7T1", "exemplar": 0.2, "exemplar_index": 0, "frequency": 7, "exemplar_strength": 0.00015900095772638725}, {"word_key": "F7T5", "exemplar": 0.6, "exemplar_index": 3, "frequency": 7, "exemplar_strength": 0.00016448374937212475}, {"word_key": "F4T11", "exemplar": -0.3, "exemplar_index": 2, "frequency": 4, "exemplar_strength": 0.00017015560279874973}, {"word_key": "F9T3", "exemplar": 0.7, "exemplar_index": 0, "frequency": 9, "exemplar_strength": 0.00017602303737801697}, {"word_key": "F10T2", "exemplar": 2.0, "exemplar_index": 9, "frequency": 10, "exemplar_strength": 0.00018209279728760377}, {"word_key": "F6T13", "exemplar": 0.3, "exemplar_index": 0, "frequency": 6, "exemplar_strength": 0.00018837185926303838}, {"word_key": "F6T13", "exemplar": 0.3, "exemplar_index": 0, "frequency": 6, "exemplar_strength": 0.00019486744061693626}, {"word_key": "F8T3", "exemplar": 0.2, "exemplar_index": 3, "frequency": 8, "exemplar_strength": 0.00020158700753476164}, {"word_key": "F7T11", "exemplar": -1.1, "exemplar_index": 4, "frequency": 7, "exemplar_strength": 0.00020853828365664998}, {"word_key": "F8T7", "exemplar": -0.7, "exemplar_index": 4, "frequency": 8, "exemplar_strength": 0.00021572925895515515}, {"word_key": "F4T2", "exemplar": 1.6, "exemplar_index": 0, "frequency": 4, "exemplar_strength": 0.000223168198919126}, {"word_key": "F7T3", "exemplar": 1.8, "exemplar_index": 6, "frequency": 7, "exemplar_strength": 0.00023086365405426828}, {"word_key": "F6T2", "exemplar": 1.8, "exemplar_index": 3, "frequency": 6, "exemplar_strength": 0.000238824469711312}, {"word_key": "F7T5", "exemplar": 0.6, "exemplar_index": 3, "frequency": 7, "exemplar_strength": 0.00024705979625308137}, {"word_key": "F8T2", "exemplar": 0.6, "exemplar_index": 1, "frequency": 8, "exemplar_strength": 0.0002555790995721531}, {"word_key": "F6T5", "exemplar": 0.6, "exemplar_index": 4, "frequency": 6, "exemplar_strength": 0.0002643921719711929}, {"word_key": "F9T4", "exemplar": -0.6, "exemplar_index": 4, "frequency": 9, "exemplar_strength": 0.0002735091434184754}, {"word_key": "F9T4", "exemplar": 2.3, "exemplar_index": 7, "frequency": 9, "exemplar_strength": 0.00028294049319152627}, {"word_key": "F3T7", "exemplar": -1.1, "exemplar_index": 0, "frequency": 3, "exemplar_strength": 0.00029269706192226855}, {"word_key": "F6T3", "exemplar": 0.3, "exemplar_index": 0, "frequency": 6, "exemplar_strength": 0.0003027900640575192}, {"word_key": "F9T1", "exemplar": 1.0, "exemplar_index": 8, "frequency": 9, "exemplar_strength": 0.0003132311007491578}, {"word_key": "F8T2", "exemplar": 1.0, "exemplar_index": 2, "frequency": 8, "exemplar_strength": 0.00032403217318878393}, {"word_key": "F7T11", "exemplar": -1.1, "exemplar_index": 4, "frequency": 7, "exemplar_strength": 0.0003352056964021903}, {"word_key": "F10T3", "exemplar": -0.9, "exemplar_index": 9, "frequency": 10, "exemplar_strength": 0.0003467645135195072}, {"word_key": "F6T8", "exemplar": 2.3, "exemplar_index": 2, "frequency": 6, "exemplar_strength": 0.00035872191053742123}, {"word_key": "F9T5", "exemplar": 0.3, "exemplar_index": 7, "frequency": 9, "exemplar_strength": 0.00037109163159043576}, {"word_key": "F6T5", "exemplar": 0.6, "exemplar_index": 4, "frequency": 6, "exemplar_strength": 0.0003838878947487266}, {"word_key": "F5T13", "exemplar": -1.0, "exemplar_index": 4, "frequency": 5, "exemplar_strength": 0.0003971254083607517}, {"word_key": "F3T7", "exemplar": -1.1, "exemplar_index": 0, "frequency": 3, "exemplar_strength": 0.0004108193879593983}, {"word_key": "F10T2", "exemplar": 2.0, "exemplar_index": 9, "frequency": 10, "exemplar_strength": 0.0004249855737511017}, {"word_key": "F5T10", "exemplar": -0.9, "exemplar_index": 0, "frequency": 5, "exemplar_strength": 0.00043964024870803625}, {"word_key": "F9T1", "exemplar": 1.0, "exemplar_index": 8, "frequency": 9, "exemplar_strength": 0.0004548002572841754}, {"word_key": "F7T10", "exemplar": 0.3, "exemplar_index": 5, "frequency": 7, "exemplar_strength": 0.0004704830247767332}, {"word_key": "F8T7", "exemplar": 1.4, "exemplar_index": 6, "frequency": 8, "exemplar_strength": 0.0004867065773552412}, {"word_key": "F5T6", "exemplar": -1.2, "exemplar_index": 4, "frequency": 5, "exemplar_strength": 0.000503489562781284}, {"word_key": "F10T3", "exemplar": 0.5, "exemplar_index": 7, "frequency": 10, "exemplar_strength": 0.0005208512718427075}, {"word_key": "F1T2", "exemplar": 0.2, "exemplar_index": 0, "frequency": 1, "exemplar_strength": 0.0005388116605269389}, {"word_key": "F7T1", "exemplar": -1.2, "exemplar_index": 1, "frequency": 7, "exemplar_strength": 0.0005573913729589022}, {"word_key": "F12T1", "exemplar": -1.1, "exemplar_index": 9, "frequency": 12, "exemplar_strength": 0.0005766117651298989}, {"word_key": "F3T10", "exemplar": 0.5, "exemplar_index": 0, "frequency": 3, "exemplar_strength": 0.0005964949294447229}, {"word_key": "F8T3", "exemplar": -0.9, "exemplar_index": 1, "frequency": 8, "exemplar_strength": 0.0006170637201152306}, {"word_key": "F8T3", "exemplar": -0.9, "exemplar_index": 1, "frequency": 8, "exemplar_strength": 0.000638341779429549}, {"word_key": "F3T8", "exemplar": -0.2, "exemplar_index": 2, "frequency": 3, "exemplar_strength": 0.0006603535649271196}, {"word_key": "F4T11", "exemplar": 1.2, "exemplar_index": 3, "frequency": 4, "exemplar_strength": 0.0006831243775108134}, {"word_key": "F7T8", "exemplar": 2.3, "exemplar_index": 0, "frequency": 7, "exemplar_strength": 0.0007066803905284276}, {"word_key": "F8T6", "exemplar": 1.6, "exemplar_index": 2, "frequency": 8, "exemplar_strength": 0.0007310486798569941}, {"word_key": "F8T7", "exemplar": -0.7, "exemplar_index": 4, "frequency": 8, "exemplar_strength": 0.0007562572550244767}, {"word_key": "F5T5", "exemplar": 1.4, "exemplar_index": 3, "frequency": 5, "exemplar_strength": 0.000782335091404631}, {"word_key": "F3T6", "exemplar": 0.5, "exemplar_index": 2, "frequency": 3, "exemplar_strength": 0.0008093121635220321}, {"word_key": "F7T2", "exemplar": 0.5, "exemplar_index": 4, "frequency": 7, "exemplar_strength": 0.0008372194795055504}, {"word_key": "F11T1", "exemplar": -1.3, "exemplar_index": 1, "frequency": 11, "exemplar_strength": 0.0008660891167298798}, {"word_key": "F5T11", "exemplar": -0.4, "exemplar_index": 3, "frequency": 5, "exemplar_strength": 0.0008959542586860826}, {"word_key": "F6T5", "exemplar": 0.2, "exemplar_index": 2, "frequency": 6, "exemplar_strength": 0.0009268492331235337}, {"word_key": "F9T1", "exemplar": 1.0, "exemplar_index": 8, "frequency": 9, "exemplar_strength": 0.0009588095515071038}, {"word_key": "F6T8", "exemplar": 0.5, "exemplar_index": 5, "frequency": 6, "exemplar_strength": 0.000991871949834935}, {"word_key": "F12T1", "exemplar": -0.6, "exemplar_index": 11, "frequency": 12, "exemplar_strength": 0.0010260744308637259}, {"word_key": "F7T11", "exemplar": -1.1, "exemplar_index": 4, "frequency": 7, "exemplar_strength": 0.0010614563077900611}, {"word_key": "F2T7", "exemplar": -0.6, "exemplar_index": 1, "frequency": 2, "exemplar_strength": 0.0010980582494379942}, {"word_key": "F6T9", "exemplar": -0.2, "exemplar_index": 1, "frequency": 6, "exemplar_strength": 0.0011359223270048216}, {"word_key": "F6T10", "exemplar": 1.6, "exemplar_index": 4, "frequency": 6, "exemplar_strength": 0.0011750920624187808}, {"word_key": "F5T12", "exemplar": -1.5, "exemplar_index": 2, "frequency": 5, "exemplar_strength": 0.001215612478364256}, {"word_key": "F7T12", "exemplar": 0.4, "exemplar_index": 4, "frequency": 7, "exemplar_strength": 0.001257530150031989}, {"word_key": "F6T8", "exemplar": 0.5, "exemplar_index": 5, "frequency": 6, "exemplar_strength": 0.0013008932586537818}, {"word_key": "F5T13", "exemplar": -0.3, "exemplar_index": 0, "frequency": 5, "exemplar_strength": 0.0013457516468832226}, {"word_key": "F9T5", "exemplar": 0.3, "exemplar_index": 7, "frequency": 9, "exemplar_strength": 0.0013921568760860924}, {"word_key": "F9T5", "exemplar": 0.1, "exemplar_index": 0, "frequency": 9, "exemplar_strength": 0.0014401622856063025}, {"word_key": "F9T5", "exemplar": 0.3, "exemplar_index": 7, "frequency": 9, "exemplar_strength": 0.0014898230540754853}, {"word_key": "F6T12", "exemplar": 0.4, "exemplar_index": 0, "frequency": 6, "exemplar_strength": 0.0015411962628367089}, {"word_key": "F12T1", "exemplar": 0.5, "exemplar_index": 2, "frequency": 12, "exemplar_strength": 0.0015943409615552162}, {"word_key": "F5T12", "exemplar": 1.0, "exemplar_index": 0, "frequency": 5, "exemplar_strength": 0.001649318236091603}, {"word_key": "F6T12", "exemplar": 0.4, "exemplar_index": 0, "frequency": 6, "exemplar_strength": 0.0017061912787154512}, {"word_key": "F9T4", "exemplar": -0.4, "exemplar_index": 1, "frequency": 9, "exemplar_strength": 0.001765025460740122}, {"word_key": "F4T5", "exemplar": 0.6, "exemplar_index": 3, "frequency": 4, "exemplar_strength": 0.0018258884076621951}, {"word_key": "F6T5", "exemplar": 1.3, "exemplar_index": 3, "frequency": 6, "exemplar_strength": 0.001888850076891926}, {"word_key": "F7T1", "exemplar": -0.9, "exemplar_index": 2, "frequency": 7, "exemplar_strength": 0.0019539828381640615}, {"word_key": "F5T1", "exemplar": 0.2, "exemplar_index": 2, "frequency": 5, "exemplar_strength": 0.002021361556721443}, {"word_key": "F8T5", "exemplar": 1.0, "exemplar_index": 6, "frequency": 8, "exemplar_strength": 0.00209106367936701}, {"word_key": "F7T3", "exemplar": -1.9, "exemplar_index": 3, "frequency": 7, "exemplar_strength": 0.0021631693234831135}, {"word_key": "F7T8", "exemplar": 2.3, "exemplar_index": 0, "frequency": 7, "exemplar_strength": 0.002237761369120462}, {"word_key": "F5T1", "exemplar": 0.2, "exemplar_index": 2, "frequency": 5, "exemplar_strength": 0.002314925554262547}, {"word_key": "F7T10", "exemplar": 0.3, "exemplar_index": 5, "frequency": 7, "exemplar_strength": 0.0023947505733750486}, {"word_key": "F3T2", "exemplar": -0.5, "exemplar_index": 0, "frequency": 3, "exemplar_strength": 0.0024773281793534986}, {"word_key": "F2T9", "exemplar": 1.2, "exemplar_index": 0, "frequency": 2, "exemplar_strength": 0.002562753288986378}, {"word_key": "F6T8", "exemplar": 0.5, "exemplar_index": 5, "frequency": 6, "exemplar_strength": 0.0026511240920548736}, {"word_key": "F4T11", "exemplar": 1.0, "exemplar_index": 0, "frequency": 4, "exemplar_strength": 0.002742542164194697}, {"word_key": "F6T6", "exemplar": -0.7, "exemplar_index": 1, "frequency": 6, "exemplar_strength": 0.0028371125836496864}, {"word_key": "F7T8", "exemplar": 2.3, "exemplar_index": 0, "frequency": 7, "exemplar_strength": 0.0029349440520513997}, {"word_key": "F5T9", "exemplar": -2.1, "exemplar_index": 0, "frequency": 5, "exemplar_strength": 0.003036149019363517}, {"word_key": "F3T3", "exemplar": 0.2, "exemplar_index": 0, "frequency": 3, "exemplar_strength": 0.003140843813134673}, {"word_key": "F7T1", "exemplar": 1.2, "exemplar_index": 4, "frequency": 7, "exemplar_strength": 0.003249148772208282}, {"word_key": "F3T6", "exemplar": 1.6, "exemplar_index": 0, "frequency": 3, "exemplar_strength": 0.00336118838504305}, {"word_key": "F9T3", "exemplar": -0.6, "exemplar_index": 4, "frequency": 9, "exemplar_strength": 0.003477091432803155}, {"word_key": "F4T8", "exemplar": -0.3, "exemplar_index": 3, "frequency": 4, "exemplar_strength": 0.0035969911373825744}, {"word_key": "F9T2", "exemplar": 1.1, "exemplar_index": 3, "frequency": 9, "exemplar_strength": 0.0037210253145336975}, {"word_key": "F5T3", "exemplar": -1.6, "exemplar_index": 4, "frequency": 5, "exemplar_strength": 0.003849336532276239}, {"word_key": "F12T1", "exemplar": -0.6, "exemplar_index": 11, "frequency": 12, "exemplar_strength": 0.003982072274768523}, {"word_key": "F5T6", "exemplar": 0.6, "exemplar_index": 2, "frequency": 5, "exemplar_strength": 0.004119385111829506}, {"word_key": "F12T1", "exemplar": -0.6, "exemplar_index": 11, "frequency": 12, "exemplar_strength": 0.004261432874306386}, {"word_key": "F11T1", "exemplar": -1.3, "exemplar_index": 1, "frequency": 11, "exemplar_strength": 0.0044083788354893644}, {"word_key": "F8T3", "exemplar": -1.5, "exemplar_index": 0, "frequency": 8, "exemplar_strength": 0.004560391898782101}, {"word_key": "F7T3", "exemplar": 1.8, "exemplar_index": 6, "frequency": 7, "exemplar_strength": 0.004717646791843553}, {"word_key": "F8T5", "exemplar": -0.7, "exemplar_index": 2, "frequency": 8, "exemplar_strength": 0.004880324267424366}, {"word_key": "F8T5", "exemplar": -0.7, "exemplar_index": 2, "frequency": 8, "exemplar_strength": 0.005048611311128654}, {"word_key": "F5T10", "exemplar": 0.8, "exemplar_index": 1, "frequency": 5, "exemplar_strength": 0.005222701356339987}, {"word_key": "F4T5", "exemplar": -1.6, "exemplar_index": 2, "frequency": 4, "exemplar_strength": 0.005402794506558607}, {"word_key": "F6T4", "exemplar": 1.9, "exemplar_index": 4, "frequency": 6, "exemplar_strength": 0.0055890977654054555}, {"word_key": "F7T2", "exemplar": -0.8, "exemplar_index": 2, "frequency": 7, "exemplar_strength": 0.005781825274557367}, {"word_key": "F6T6", "exemplar": 0.1, "exemplar_index": 0, "frequency": 6, "exemplar_strength": 0.005981198559886932}, {"word_key": "F12T1", "exemplar": -0.6, "exemplar_index": 11, "frequency": 12, "exemplar_strength": 0.006187446786089929}, {"word_key": "F7T4", "exemplar": 1.2, "exemplar_index": 5, "frequency": 7, "exemplar_strength": 0.00640080702009303}, {"word_key": "F5T11", "exemplar": -0.9, "exemplar_index": 2, "frequency": 5, "exemplar_strength": 0.006621524503544514}, {"word_key": "F5T7", "exemplar": -0.7, "exemplar_index": 0, "frequency": 5, "exemplar_strength": 0.006849852934701222}, {"word_key": "F4T9", "exemplar": -0.1, "exemplar_index": 3, "frequency": 4, "exemplar_strength": 0.007086054760035747}, {"word_key": "F3T10", "exemplar": 0.5, "exemplar_index": 0, "frequency": 3, "exemplar_strength": 0.007330401475899048}, {"word_key": "F6T9", "exemplar": -0.2, "exemplar_index": 1, "frequency": 6, "exemplar_strength": 0.007583173940585222}, {"word_key": "F8T1", "exemplar": -0.4, "exemplar_index": 6, "frequency": 8, "exemplar_strength": 0.007844662697157126}, {"word_key": "F5T9", "exemplar": -2.1, "exemplar_index": 0, "frequency": 5, "exemplar_strength": 0.008115168307403922}, {"word_key": "F5T8", "exemplar": 1.6, "exemplar_index": 0, "frequency": 5, "exemplar_strength": 0.008395001697314403}, {"word_key": "F5T11", "exemplar": -0.4, "exemplar_index": 3, "frequency": 5, "exemplar_strength": 0.008684484514463176}, {"word_key": "F7T10", "exemplar": 0.3, "exemplar_index": 5, "frequency": 7, "exemplar_strength": 0.008983949497720528}, {"word_key": "F7T10", "exemplar": 0.3, "exemplar_index": 5, "frequency": 7, "exemplar_strength": 0.009293740859710891}, {"word_key": "F7T2", "exemplar": 0.7, "exemplar_index": 5, "frequency": 7, "exemplar_strength": 0.009614214682459543}, {"word_key": "F10T2", "exemplar": 0.2, "exemplar_index": 4, "frequency": 10, "exemplar_strength": 0.009945739326682286}, {"word_key": "F6T5", "exemplar": 0.2, "exemplar_index": 2, "frequency": 6, "exemplar_strength": 0.010288695855188571}, {"word_key": "F6T6", "exemplar": -0.2, "exemplar_index": 3, "frequency": 6, "exemplar_strength": 0.010643478470884728}, {"word_key": "F4T9", "exemplar": -0.1, "exemplar_index": 3, "frequency": 4, "exemplar_strength": 0.011010494969880753}, {"word_key": "F6T12", "exemplar": 0.1, "exemplar_index": 4, "frequency": 6, "exemplar_strength": 0.011390167210221468}, {"word_key": "F10T3", "exemplar": -0.4, "exemplar_index": 0, "frequency": 10, "exemplar_strength": 0.01178293159678083}, {"word_key": "F10T1", "exemplar": 0.2, "exemplar_index": 0, "frequency": 10, "exemplar_strength": 0.01218923958287672}, {"word_key": "F3T3", "exemplar": 0.2, "exemplar_index": 0, "frequency": 3, "exemplar_strength": 0.012609558189182813}, {"word_key": "F4T7", "exemplar": -0.2, "exemplar_index": 0, "frequency": 4, "exemplar_strength": 0.013044370540533945}, {"word_key": "F4T9", "exemplar": -0.1, "exemplar_index": 3, "frequency": 4, "exemplar_strength": 0.013494176421242012}, {"word_key": "F9T5", "exemplar": 0.1, "exemplar_index": 0, "frequency": 9, "exemplar_strength": 0.013959492849560702}, {"word_key": "F5T2", "exemplar": -0.8, "exemplar_index": 3, "frequency": 5, "exemplar_strength": 0.014440854671959347}, {"word_key": "F7T4", "exemplar": -0.7, "exemplar_index": 2, "frequency": 7, "exemplar_strength": 0.014938815177888979}, {"word_key": "F9T1", "exemplar": 1.0, "exemplar_index": 8, "frequency": 9, "exemplar_strength": 0.01545394673574722}, {"word_key": "F1T1", "exemplar": -1.0, "exemplar_index": 0, "frequency": 1, "exemplar_strength": 0.015986841450772987}, {"word_key": "F4T6", "exemplar": 1.0, "exemplar_index": 3, "frequency": 4, "exemplar_strength": 0.016538111845627226}, {"word_key": "F6T10", "exemplar": 2.2, "exemplar_index": 3, "frequency": 6, "exemplar_strength": 0.01710839156444196}, {"word_key": "F8T6", "exemplar": 0.5, "exemplar_index": 1, "frequency": 8, "exemplar_strength": 0.017698336101146853}, {"word_key": "F5T9", "exemplar": -2.1, "exemplar_index": 0, "frequency": 5, "exemplar_strength": 0.018308623552910536}, {"word_key": "F7T2", "exemplar": -0.8, "exemplar_index": 1, "frequency": 7, "exemplar_strength": 0.018939955399562624}, {"word_key": "F4T11", "exemplar": -0.3, "exemplar_index": 2, "frequency": 4, "exemplar_strength": 0.01959305730989237}, {"word_key": "F4T10", "exemplar": -0.5, "exemplar_index": 0, "frequency": 4, "exemplar_strength": 0.020268679975750728}, {"word_key": "F5T1", "exemplar": -0.4, "exemplar_index": 4, "frequency": 5, "exemplar_strength": 0.020967599974914545}, {"word_key": "F4T2", "exemplar": 1.6, "exemplar_index": 0, "frequency": 4, "exemplar_strength": 0.021690620663704703}, {"word_key": "F6T2", "exemplar": 0.6, "exemplar_index": 4, "frequency": 6, "exemplar_strength": 0.022438573100384177}, {"word_key": "F5T8", "exemplar": 1.6, "exemplar_index": 0, "frequency": 5, "exemplar_strength": 0.023212317000397425}, {"word_key": "F7T5", "exemplar": 0.5, "exemplar_index": 0, "frequency": 7, "exemplar_strength": 0.02401274172454906}, {"word_key": "F4T1", "exemplar": 0.4, "exemplar_index": 1, "frequency": 4, "exemplar_strength": 0.024840767301257647}, {"word_key": "F4T4", "exemplar": 1.4, "exemplar_index": 2, "frequency": 4, "exemplar_strength": 0.025697345484059636}, {"word_key": "F5T4", "exemplar": 0.5, "exemplar_index": 4, "frequency": 5, "exemplar_strength": 0.026583460845578933}, {"word_key": "F7T2", "exemplar": 0.7, "exemplar_index": 5, "frequency": 7, "exemplar_strength": 0.027500131909219586}, {"word_key": "F6T14", "exemplar": 1.5, "exemplar_index": 4, "frequency": 6, "exemplar_strength": 0.02844841231988233}, {"word_key": "F6T9", "exemplar": -0.2, "exemplar_index": 1, "frequency": 6, "exemplar_strength": 0.029429392055050685}, {"word_key": "F9T1", "exemplar": 1.0, "exemplar_index": 8, "frequency": 9, "exemplar_strength": 0.03044419867763864}, {"word_key": "F3T9", "exemplar": -0.3, "exemplar_index": 1, "frequency": 3, "exemplar_strength": 0.03149399863203997}, {"word_key": "F8T4", "exemplar": 0.1, "exemplar_index": 7, "frequency": 8, "exemplar_strength": 0.03257999858486894}, {"word_key": "F6T7", "exemplar": 1.2, "exemplar_index": 2, "frequency": 6, "exemplar_strength": 0.03370344681193338}, {"word_key": "F6T11", "exemplar": 0.2, "exemplar_index": 4, "frequency": 6, "exemplar_strength": 0.03486563463303453}, {"word_key": "F6T9", "exemplar": -0.2, "exemplar_index": 1, "frequency": 6, "exemplar_strength": 0.036067897896242616}, {"word_key": "F7T6", "exemplar": -0.3, "exemplar_index": 6, "frequency": 7, "exemplar_strength": 0.03731161851335443}, {"word_key": "F7T7", "exemplar": 1.2, "exemplar_index": 1, "frequency": 7, "exemplar_strength": 0.03859822604829769}, {"word_key": "F5T10", "exemplar": -0.3, "exemplar_index": 4, "frequency": 5, "exemplar_strength": 0.039929199360307956}, {"word_key": "F6T2", "exemplar": 0.6, "exemplar_index": 4, "frequency": 6, "exemplar_strength": 0.04130606830376685}, {"word_key": "F6T10", "exemplar": -0.4, "exemplar_index": 0, "frequency": 6, "exemplar_strength": 0.04273041548665536}, {"word_key": "F4T11", "exemplar": -0.3, "exemplar_index": 2, "frequency": 4, "exemplar_strength": 0.044203878089643475}, {"word_key": "F3T4", "exemplar": -1.3, "exemplar_index": 1, "frequency": 3, "exemplar_strength": 0.045728149747907045}, {"word_key": "F8T5", "exemplar": -1.1, "exemplar_index": 1, "frequency": 8, "exemplar_strength": 0.04730498249783487}, {"word_key": "F6T2", "exemplar": 0.6, "exemplar_index": 4, "frequency": 6, "exemplar_strength": 0.04893618879086366}, {"word_key": "F5T13", "exemplar": -1.6, "exemplar_index": 2, "frequency": 5, "exemplar_strength": 0.05062364357675551}, {"word_key": "F9T4", "exemplar": -0.9, "exemplar_index": 5, "frequency": 9, "exemplar_strength": 0.0523692864587126}, {"word_key": "F7T3", "exemplar": 1.8, "exemplar_index": 6, "frequency": 7, "exemplar_strength": 0.054175123922806136}, {"word_key": "F9T5", "exemplar": 0.1, "exemplar_index": 4, "frequency": 9, "exemplar_strength": 0.05604323164428221}, {"word_key": "F1T1", "exemplar": -1.0, "exemplar_index": 0, "frequency": 1, "exemplar_strength": 0.05797575687339539}, {"word_key": "F8T2", "exemplar": 1.0, "exemplar_index": 2, "frequency": 8, "exemplar_strength": 0.05997492090351247}, {"word_key": "F7T6", "exemplar": -1.6, "exemplar_index": 2, "frequency": 7, "exemplar_strength": 0.06204302162432324}, {"word_key": "F9T4", "exemplar": -0.9, "exemplar_index": 5, "frequency": 9, "exemplar_strength": 0.064182436163093}, {"word_key": "F8T2", "exemplar": 1.0, "exemplar_index": 2, "frequency": 8, "exemplar_strength": 0.06639562361699276}, {"word_key": "F6T6", "exemplar": -0.7, "exemplar_index": 1, "frequency": 6, "exemplar_strength": 0.06868512787964769}, {"word_key": "F10T3", "exemplar": -0.2, "exemplar_index": 8, "frequency": 10, "exemplar_strength": 0.07105358056515278}, {"word_key": "F9T5", "exemplar": 0.1, "exemplar_index": 4, "frequency": 9, "exemplar_strength": 0.07350370403291666}, {"word_key": "F5T7", "exemplar": -0.5, "exemplar_index": 3, "frequency": 5, "exemplar_strength": 0.07603831451681034}, {"word_key": "F5T6", "exemplar": 0.6, "exemplar_index": 2, "frequency": 5, "exemplar_strength": 0.07866032536221759}, {"word_key": "F6T1", "exemplar": 1.2, "exemplar_index": 4, "frequency": 6, "exemplar_strength": 0.08137275037470786}, {"word_key": "F5T10", "exemplar": 0.5, "exemplar_index": 2, "frequency": 5, "exemplar_strength": 0.08417870728418055}, {"word_key": "F6T11", "exemplar": 0.7, "exemplar_index": 0, "frequency": 6, "exemplar_strength": 0.08708142132846264}, {"word_key": "F8T4", "exemplar": -0.5, "exemplar_index": 0, "frequency": 8, "exemplar_strength": 0.09008422896047859}, {"word_key": "F7T8", "exemplar": 0.7, "exemplar_index": 1, "frequency": 7, "exemplar_strength": 0.09319058168325371}, {"word_key": "F10T1", "exemplar": 0.2, "exemplar_index": 9, "frequency": 10, "exemplar_strength": 0.09640405001715902}, {"word_key": "F2T6", "exemplar": -0.2, "exemplar_index": 1, "frequency": 2, "exemplar_strength": 0.0997283276039576}, {"word_key": "F2T6", "exemplar": -0.2, "exemplar_index": 1, "frequency": 2, "exemplar_strength": 0.10316723545236993}, {"word_key": "F9T4", "exemplar": -0.9, "exemplar_index": 5, "frequency": 9, "exemplar_strength": 0.10672472633003785}, {"word_key": "F6T7", "exemplar": -1.2, "exemplar_index": 1, "frequency": 6, "exemplar_strength": 0.1104048893069357}, {"word_key": "F2T7", "exemplar": -0.6, "exemplar_index": 1, "frequency": 2, "exemplar_strength": 0.11421195445545072}, {"word_key": "F8T3", "exemplar": 0.1, "exemplar_index": 5, "frequency": 8, "exemplar_strength": 0.11815029771253523}, {"word_key": "F3T1", "exemplar": 0.8, "exemplar_index": 0, "frequency": 3, "exemplar_strength": 0.1222244459095192}, {"word_key": "F6T14", "exemplar": -0.9, "exemplar_index": 5, "frequency": 6, "exemplar_strength": 0.1264390819753647}, {"word_key": "F7T5", "exemplar": 0.5, "exemplar_index": 0, "frequency": 7, "exemplar_strength": 0.13079905031934277}, {"word_key": "F5T6", "exemplar": 0.6, "exemplar_index": 2, "frequency": 5, "exemplar_strength": 0.13530936239932012}, {"word_key": "F2T9", "exemplar": 0.9, "exemplar_index": 1, "frequency": 2, "exemplar_strength": 0.1399752024820553}, {"word_key": "F8T1", "exemplar": -1.6, "exemplar_index": 2, "frequency": 8, "exemplar_strength": 0.14480193360212618}, {"word_key": "F6T3", "exemplar": -0.5, "exemplar_index": 2, "frequency": 6, "exemplar_strength": 0.14979510372633742}, {"word_key": "F10T1", "exemplar": 1.2, "exemplar_index": 5, "frequency": 10, "exemplar_strength": 0.15496045213069387}, {"word_key": "F7T9", "exemplar": -0.8, "exemplar_index": 1, "frequency": 7, "exemplar_strength": 0.1603039159972695}, {"word_key": "F4T8", "exemplar": 1.6, "exemplar_index": 2, "frequency": 4, "exemplar_strength": 0.16583163723855465}, {"word_key": "F2T8", "exemplar": 2.0, "exemplar_index": 1, "frequency": 2, "exemplar_strength": 0.1715499695571255}, {"word_key": "F6T10", "exemplar": 2.3, "exemplar_index": 2, "frequency": 6, "exemplar_strength": 0.1774654857487505}, {"word_key": "F4T2", "exemplar": 1.6, "exemplar_index": 0, "frequency": 4, "exemplar_strength": 0.1835849852573281}, {"word_key": "F7T8", "exemplar": 1.0, "exemplar_index": 3, "frequency": 7, "exemplar_strength": 0.1899155019903394}, {"word_key": "F4T6", "exemplar": 0.5, "exemplar_index": 1, "frequency": 4, "exemplar_strength": 0.19646431240379938}, {"word_key": "F5T10", "exemplar": 0.5, "exemplar_index": 2, "frequency": 5, "exemplar_strength": 0.20323894386599936}, {"word_key": "F6T8", "exemplar": -0.9, "exemplar_index": 0, "frequency": 6, "exemplar_strength": 0.2102471833096545}, {"word_key": "F5T7", "exemplar": -0.5, "exemplar_index": 3, "frequency": 5, "exemplar_strength": 0.2174970861824012}, {"word_key": "F9T5", "exemplar": -0.2, "exemplar_index": 2, "frequency": 9, "exemplar_strength": 0.2249969857059323}, {"word_key": "F6T9", "exemplar": -0.2, "exemplar_index": 1, "frequency": 6, "exemplar_strength": 0.2327555024544127}, {"word_key": "F4T10", "exemplar": -1.1, "exemplar_index": 3, "frequency": 4, "exemplar_strength": 0.24078155426318557}, {"word_key": "F6T14", "exemplar": -0.9, "exemplar_index": 5, "frequency": 6, "exemplar_strength": 0.2490843664791575}, {"word_key": "F4T1", "exemplar": -0.9, "exemplar_index": 2, "frequency": 4, "exemplar_strength": 0.2576734825646457}, {"word_key": "F2T4", "exemplar": 0.8, "exemplar_index": 0, "frequency": 2, "exemplar_strength": 0.2665587750668748}, {"word_key": "F6T9", "exemplar": -0.6, "exemplar_index": 0, "frequency": 6, "exemplar_strength": 0.2757504569657326}, {"word_key": "F6T12", "exemplar": 0.5, "exemplar_index": 5, "frequency": 6, "exemplar_strength": 0.2852590934128268}, {"word_key": "F3T4", "exemplar": -1.3, "exemplar_index": 1, "frequency": 3, "exemplar_strength": 0.29509561387533806}, {"word_key": "F4T10", "exemplar": -1.1, "exemplar_index": 3, "frequency": 4, "exemplar_strength": 0.30527132469862556}, {"word_key": "F3T10", "exemplar": 0.5, "exemplar_index": 0, "frequency": 3, "exemplar_strength": 0.31579792210202645}, {"word_key": "F10T3", "exemplar": 1.5, "exemplar_index": 6, "frequency": 10, "exemplar_strength": 0.326687505622786}, {"word_key": "F6T10", "exemplar": 2.3, "exemplar_index": 2, "frequency": 6, "exemplar_strength": 0.3379525920235717}, {"word_key": "F4T5", "exemplar": -1.6, "exemplar_index": 2, "frequency": 4, "exemplar_strength": 0.3496061296795569}, {"word_key": "F7T11", "exemplar": 0.2, "exemplar_index": 0, "frequency": 7, "exemplar_strength": 0.3616615134616106}, {"word_key": "F6T3", "exemplar": 1.0, "exemplar_index": 4, "frequency": 6, "exemplar_strength": 0.3741326001327006}, {"word_key": "F8T3", "exemplar": 0.1, "exemplar_index": 5, "frequency": 8, "exemplar_strength": 0.38703372427520755}, {"word_key": "F11T1", "exemplar": -0.2, "exemplar_index": 0, "frequency": 11, "exemplar_strength": 0.4003797147674561}, {"word_key": "F5T11", "exemplar": -0.7, "exemplar_index": 0, "frequency": 5, "exemplar_strength": 0.41418591182840286}, {"word_key": "F7T1", "exemplar": -1.5, "exemplar_index": 5, "frequency": 7, "exemplar_strength": 0.4284681846500719}, {"word_key": "F10T2", "exemplar": -1.3, "exemplar_index": 1, "frequency": 10, "exemplar_strength": 0.4432429496380054}, {"word_key": "F10T2", "exemplar": -1.3, "exemplar_index": 1, "frequency": 10, "exemplar_strength": 0.45852718928069525}, {"word_key": "F3T6", "exemplar": 1.6, "exemplar_index": 0, "frequency": 3, "exemplar_strength": 0.47433847166968474}, {"word_key": "F8T8", "exemplar": -0.1, "exemplar_index": 4, "frequency": 8, "exemplar_strength": 0.4906949706927773}, {"word_key": "F7T12", "exemplar": -1.5, "exemplar_index": 5, "frequency": 7, "exemplar_strength": 0.5076154869235627}, {"word_key": "F5T8", "exemplar": 0.6, "exemplar_index": 3, "frequency": 5, "exemplar_strength": 0.5251194692312717}, {"word_key": "F6T2", "exemplar": -0.2, "exemplar_index": 2, "frequency": 6, "exemplar_strength": 0.5432270371357983}, {"word_key": "F3T7", "exemplar": -1.5, "exemplar_index": 1, "frequency": 3, "exemplar_strength": 0.5619590039335844}, {"word_key": "F3T5", "exemplar": -0.2, "exemplar_index": 2, "frequency": 3, "exemplar_strength": 0.5813369006209494}, {"word_key": "F7T1", "exemplar": -0.9, "exemplar_index": 3, "frequency": 7, "exemplar_strength": 0.6013830006423615}, {"word_key": "F9T1", "exemplar": -1.2, "exemplar_index": 3, "frequency": 9, "exemplar_strength": 0.622120345492098}, {"word_key": "F6T10", "exemplar": 2.3, "exemplar_index": 2, "frequency": 6, "exemplar_strength": 0.6435727711987221}, {"word_key": "F9T2", "exemplar": 1.3, "exemplar_index": 7, "frequency": 9, "exemplar_strength": 0.665764935722816}, {"word_key": "F8T4", "exemplar": 1.3, "exemplar_index": 2, "frequency": 8, "exemplar_strength": 0.6887223472994648}, {"word_key": "F9T3", "exemplar": 1.2, "exemplar_index": 7, "frequency": 9, "exemplar_strength": 0.712471393758067}, {"word_key": "F6T7", "exemplar": -1.2, "exemplar_index": 1, "frequency": 6, "exemplar_strength": 0.7370393728531728}, {"word_key": "F8T1", "exemplar": -0.4, "exemplar_index": 6, "frequency": 8, "exemplar_strength": 0.7624545236412132}, {"word_key": "F6T1", "exemplar": 1.2, "exemplar_index": 4, "frequency": 6, "exemplar_strength": 0.7887460589391861}, {"word_key": "F6T1", "exemplar": 1.2, "exemplar_index": 4, "frequency": 6, "exemplar_strength": 0.8159441989026064}, {"word_key": "F7T8", "exemplar": 1.0, "exemplar_index": 3, "frequency": 7, "exemplar_strength": 0.8440802057613169}, {"word_key": "F5T9", "exemplar": 0.3, "exemplar_index": 4, "frequency": 5, "exemplar_strength": 0.8731864197530864}, {"word_key": "F2T1", "exemplar": 1.5, "exemplar_index": 0, "frequency": 2, "exemplar_strength": 0.9032962962962963}, {"word_key": "F10T3", "exemplar": 0.8, "exemplar_index": 1, "frequency": 10, "exemplar_strength": 0.9344444444444444}, {"word_key": "F9T3", "exemplar": 1.2, "exemplar_index": 7, "frequency": 9, "exemplar_strength": 0.9666666666666667}, {"word_key": "F5T9", "exemplar": 0.3, "exemplar_index": 4, "frequency": 5, "exemplar_strength": 1}]