[{"word_key": "F7T11", "exemplar": -0.2, "exemplar_index": 5, "frequency": 7, "exemplar_strength": 1.0589295258051053e-10}, {"word_key": "F5T2", "exemplar": -1.5, "exemplar_index": 4, "frequency": 5, "exemplar_strength": 1.1765883620056724e-10}, {"word_key": "F10T3", "exemplar": -0.2, "exemplar_index": 8, "frequency": 10, "exemplar_strength": 1.307320402228525e-10}, {"word_key": "F5T12", "exemplar": -1.6, "exemplar_index": 1, "frequency": 5, "exemplar_strength": 1.452578224698361e-10}, {"word_key": "F8T7", "exemplar": 0.3, "exemplar_index": 3, "frequency": 8, "exemplar_strength": 1.613975805220401e-10}, {"word_key": "F7T1", "exemplar": -1.2, "exemplar_index": 1, "frequency": 7, "exemplar_strength": 1.7933064502448899e-10}, {"word_key": "F5T10", "exemplar": -0.9, "exemplar_index": 0, "frequency": 5, "exemplar_strength": 1.992562722494322e-10}, {"word_key": "F6T8", "exemplar": -1.0, "exemplar_index": 4, "frequency": 6, "exemplar_strength": 2.2139585805492464e-10}, {"word_key": "F10T3", "exemplar": 0.8, "exemplar_index": 1, "frequency": 10, "exemplar_strength": 2.4599539783880517e-10}, {"word_key": "F4T11", "exemplar": -0.3, "exemplar_index": 2, "frequency": 4, "exemplar_strength": 2.733282198208946e-10}, {"word_key": "F8T8", "exemplar": -2.2, "exemplar_index": 5, "frequency": 8, "exemplar_strength": 3.036980220232162e-10}, {"word_key": "F8T5", "exemplar": 1.5, "exemplar_index": 3, "frequency": 8, "exemplar_strength": 3.3744224669246245e-10}, {"word_key": "F12T1", "exemplar": -0.2, "exemplar_index": 6, "frequency": 12, "exemplar_strength": 3.749358296582916e-10}, {"word_key": "F7T11", "exemplar": 1.4, "exemplar_index": 1, "frequency": 7, "exemplar_strength": 4.165953662869907e-10}, {"word_key": "F9T4", "exemplar": -1.0, "exemplar_index": 8, "frequency": 9, "exemplar_strength": 4.628837403188785e-10}, {"word_key": "F3T7", "exemplar": -1.5, "exemplar_index": 1, "frequency": 3, "exemplar_strength": 5.143152670209761e-10}, {"word_key": "F7T3", "exemplar": 0.7, "exemplar_index": 5, "frequency": 7, "exemplar_strength": 5.714614078010846e-10}, {"word_key": "F5T5", "exemplar": -0.4, "exemplar_index": 2, "frequency": 5, "exemplar_strength": 6.349571197789829e-10}, {"word_key": "F7T2", "exemplar": -0.8, "exemplar_index": 1, "frequency": 7, "exemplar_strength": 7.055079108655365e-10}, {"word_key": "F6T12", "exemplar": 0.5, "exemplar_index": 2, "frequency": 6, "exemplar_strength": 7.838976787394851e-10}, {"word_key": "F8T5", "exemplar": -1.6, "exemplar_index": 4, "frequency": 8, "exemplar_strength": 8.709974208216501e-10}, {"word_key": "F7T12", "exemplar": 0.1, "exemplar_index": 6, "frequency": 7, "exemplar_strength": 9.677749120240556e-10}, {"word_key": "F7T12", "exemplar": 0.1, "exemplar_index": 6, "frequency": 7, "exemplar_strength": 1.0753054578045062e-09}, {"word_key": "F7T2", "exemplar": -0.4, "exemplar_index": 6, "frequency": 7, "exemplar_strength": 1.1947838420050068e-09}, {"word_key": "F5T5", "exemplar": -0.4, "exemplar_index": 2, "frequency": 5, "exemplar_strength": 1.3275376022277854e-09}, {"word_key": "F3T7", "exemplar": -1.1, "exemplar_index": 0, "frequency": 3, "exemplar_strength": 1.475041780253095e-09}, {"word_key": "F5T10", "exemplar": -0.4, "exemplar_index": 3, "frequency": 5, "exemplar_strength": 1.6389353113923277e-09}, {"word_key": "F6T3", "exemplar": -1.6, "exemplar_index": 1, "frequency": 6, "exemplar_strength": 1.821039234880364e-09}, {"word_key": "F6T13", "exemplar": 0.3, "exemplar_index": 0, "frequency": 6, "exemplar_strength": 2.0233769276448487e-09}, {"word_key": "F6T11", "exemplar": 0.7, "exemplar_index": 0, "frequency": 6, "exemplar_strength": 2.248196586272054e-09}, {"word_key": "F7T11", "exemplar": -0.2, "exemplar_index": 5, "frequency": 7, "exemplar_strength": 2.497996206968949e-09}, {"word_key": "F9T3", "exemplar": -0.6, "exemplar_index": 4, "frequency": 9, "exemplar_strength": 2.77555134107661e-09}, {"word_key": "F5T7", "exemplar": -0.7, "exemplar_index": 0, "frequency": 5, "exemplar_strength": 3.0839459345295667e-09}, {"word_key": "F3T6", "exemplar": 0.5, "exemplar_index": 2, "frequency": 3, "exemplar_strength": 3.4266065939217406e-09}, {"word_key": "F7T11", "exemplar": 0.2, "exemplar_index": 0, "frequency": 7, "exemplar_strength": 3.807340659913045e-09}, {"word_key": "F6T5", "exemplar": 1.2, "exemplar_index": 5, "frequency": 6, "exemplar_strength": 4.230378511014494e-09}, {"word_key": "F10T1", "exemplar": 1.2, "exemplar_index": 5, "frequency": 10, "exemplar_strength": 4.7004205677938825e-09}, {"word_key": "F10T3", "exemplar": -0.2, "exemplar_index": 2, "frequency": 10, "exemplar_strength": 5.222689519770981e-09}, {"word_key": "F6T7", "exemplar": -1.2, "exemplar_index": 1, "frequency": 6, "exemplar_strength": 5.80298835530109e-09}, {"word_key": "F6T8", "exemplar": -0.9, "exemplar_index": 0, "frequency": 6, "exemplar_strength": 6.4477648392234335e-09}, {"word_key": "F10T3", "exemplar": -0.2, "exemplar_index": 2, "frequency": 10, "exemplar_strength": 7.164183154692703e-09}, {"word_key": "F4T11", "exemplar": 1.0, "exemplar_index": 0, "frequency": 4, "exemplar_strength": 7.960203505214115e-09}, {"word_key": "F7T4", "exemplar": -0.7, "exemplar_index": 2, "frequency": 7, "exemplar_strength": 8.844670561349016e-09}, {"word_key": "F6T2", "exemplar": 1.8, "exemplar_index": 3, "frequency": 6, "exemplar_strength": 9.82741173483224e-09}, {"word_key": "F6T8", "exemplar": -1.0, "exemplar_index": 4, "frequency": 6, "exemplar_strength": 1.0919346372035822e-08}, {"word_key": "F4T11", "exemplar": -2.0, "exemplar_index": 1, "frequency": 4, "exemplar_strength": 1.2132607080039802e-08}, {"word_key": "F8T6", "exemplar": -1.1, "exemplar_index": 4, "frequency": 8, "exemplar_strength": 1.3480674533377557e-08}, {"word_key": "F9T3", "exemplar": 0.6, "exemplar_index": 3, "frequency": 9, "exemplar_strength": 1.4978527259308396e-08}, {"word_key": "F5T2", "exemplar": -0.8, "exemplar_index": 3, "frequency": 5, "exemplar_strength": 1.6642808065898218e-08}, {"word_key": "F10T2", "exemplar": 0.2, "exemplar_index": 4, "frequency": 10, "exemplar_strength": 1.849200896210913e-08}, {"word_key": "F7T9", "exemplar": 0.5, "exemplar_index": 5, "frequency": 7, "exemplar_strength": 2.05466766245657e-08}, {"word_key": "F5T3", "exemplar": -1.6, "exemplar_index": 4, "frequency": 5, "exemplar_strength": 2.282964069396189e-08}, {"word_key": "F9T4", "exemplar": 2.3, "exemplar_index": 7, "frequency": 9, "exemplar_strength": 2.5366267437735433e-08}, {"word_key": "F7T6", "exemplar": 0.6, "exemplar_index": 5, "frequency": 7, "exemplar_strength": 2.8184741597483813e-08}, {"word_key": "F7T2", "exemplar": -0.8, "exemplar_index": 2, "frequency": 7, "exemplar_strength": 3.131637955275979e-08}, {"word_key": "F6T3", "exemplar": 0.3, "exemplar_index": 5, "frequency": 6, "exemplar_strength": 3.479597728084421e-08}, {"word_key": "F5T2", "exemplar": 0.1, "exemplar_index": 0, "frequency": 5, "exemplar_strength": 3.866219697871579e-08}, {"word_key": "F5T12", "exemplar": 1.0, "exemplar_index": 0, "frequency": 5, "exemplar_strength": 4.295799664301754e-08}, {"word_key": "F7T8", "exemplar": 0.7, "exemplar_index": 1, "frequency": 7, "exemplar_strength": 4.7731107381130604e-08}, {"word_key": "F8T7", "exemplar": -1.0, "exemplar_index": 7, "frequency": 8, "exemplar_strength": 5.303456375681178e-08}, {"word_key": "F9T1", "exemplar": 0.9, "exemplar_index": 6, "frequency": 9, "exemplar_strength": 5.8927293063124204e-08}, {"word_key": "F7T4", "exemplar": -1.5, "exemplar_index": 6, "frequency": 7, "exemplar_strength": 6.5474770070138e-08}, {"word_key": "F6T5", "exemplar": 1.3, "exemplar_index": 3, "frequency": 6, "exemplar_strength": 7.274974452237555e-08}, {"word_key": "F7T10", "exemplar": 0.9, "exemplar_index": 3, "frequency": 7, "exemplar_strength": 8.083304946930617e-08}, {"word_key": "F11T1", "exemplar": -0.5, "exemplar_index": 2, "frequency": 11, "exemplar_strength": 8.98144994103402e-08}, {"word_key": "F9T4", "exemplar": -0.9, "exemplar_index": 5, "frequency": 9, "exemplar_strength": 9.979388823371132e-08}, {"word_key": "F7T11", "exemplar": -0.4, "exemplar_index": 2, "frequency": 7, "exemplar_strength": 1.1088209803745703e-07}, {"word_key": "F12T1", "exemplar": 0.5, "exemplar_index": 2, "frequency": 12, "exemplar_strength": 1.2320233115273002e-07}, {"word_key": "F6T8", "exemplar": -1.0, "exemplar_index": 4, "frequency": 6, "exemplar_strength": 1.3689147905858892e-07}, {"word_key": "F7T9", "exemplar": -1.0, "exemplar_index": 6, "frequency": 7, "exemplar_strength": 1.5210164339843212e-07}, {"word_key": "F8T2", "exemplar": 0.3, "exemplar_index": 4, "frequency": 8, "exemplar_strength": 1.6900182599825792e-07}, {"word_key": "F6T10", "exemplar": -0.4, "exemplar_index": 0, "frequency": 6, "exemplar_strength": 1.87779806664731e-07}, {"word_key": "F3T1", "exemplar": 1.4, "exemplar_index": 2, "frequency": 3, "exemplar_strength": 2.086442296274789e-07}, {"word_key": "F9T4", "exemplar": -0.9, "exemplar_index": 5, "frequency": 9, "exemplar_strength": 2.318269218083099e-07}, {"word_key": "F6T4", "exemplar": 0.8, "exemplar_index": 1, "frequency": 6, "exemplar_strength": 2.575854686758999e-07}, {"word_key": "F6T2", "exemplar": -0.6, "exemplar_index": 5, "frequency": 6, "exemplar_strength": 2.8620607630655544e-07}, {"word_key": "F5T7", "exemplar": -0.5, "exemplar_index": 3, "frequency": 5, "exemplar_strength": 3.180067514517283e-07}, {"word_key": "F8T2", "exemplar": 1.5, "exemplar_index": 0, "frequency": 8, "exemplar_strength": 3.5334083494636473e-07}, {"word_key": "F9T5", "exemplar": 0.4, "exemplar_index": 5, "frequency": 9, "exemplar_strength": 3.92600927718183e-07}, {"word_key": "F8T2", "exemplar": -1.2, "exemplar_index": 3, "frequency": 8, "exemplar_strength": 4.3622325302020334e-07}, {"word_key": "F10T3", "exemplar": -0.4, "exemplar_index": 3, "frequency": 10, "exemplar_strength": 4.846925033557815e-07}, {"word_key": "F10T3", "exemplar": -0.2, "exemplar_index": 5, "frequency": 10, "exemplar_strength": 5.385472259508683e-07}, {"word_key": "F2T2", "exemplar": -0.4, "exemplar_index": 1, "frequency": 2, "exemplar_strength": 5.983858066120759e-07}, {"word_key": "F6T12", "exemplar": 0.1, "exemplar_index": 4, "frequency": 6, "exemplar_strength": 6.64873118457862e-07}, {"word_key": "F5T2", "exemplar": 1.0, "exemplar_index": 1, "frequency": 5, "exemplar_strength": 7.387479093976244e-07}, {"word_key": "F4T2", "exemplar": 1.5, "exemplar_index": 1, "frequency": 4, "exemplar_strength": 8.20831010441805e-07}, {"word_key": "F9T2", "exemplar": -1.2, "exemplar_index": 6, "frequency": 9, "exemplar_strength": 9.1203445604645e-07}, {"word_key": "F9T5", "exemplar": 0.1, "exemplar_index": 3, "frequency": 9, "exemplar_strength": 1.0133716178293888e-06}, {"word_key": "F5T13", "exemplar": -1.0, "exemplar_index": 4, "frequency": 5, "exemplar_strength": 1.1259684642548765e-06}, {"word_key": "F6T5", "exemplar": 0.2, "exemplar_index": 2, "frequency": 6, "exemplar_strength": 1.2510760713943073e-06}, {"word_key": "F6T14", "exemplar": 0.1, "exemplar_index": 1, "frequency": 6, "exemplar_strength": 1.3900845237714525e-06}, {"word_key": "F6T7", "exemplar": -0.4, "exemplar_index": 0, "frequency": 6, "exemplar_strength": 1.5445383597460583e-06}, {"word_key": "F7T5", "exemplar": -0.4, "exemplar_index": 2, "frequency": 7, "exemplar_strength": 1.7161537330511758e-06}, {"word_key": "F5T6", "exemplar": -0.1, "exemplar_index": 0, "frequency": 5, "exemplar_strength": 1.906837481167973e-06}, {"word_key": "F7T1", "exemplar": -0.9, "exemplar_index": 3, "frequency": 7, "exemplar_strength": 2.118708312408859e-06}, {"word_key": "F7T8", "exemplar": 1.9, "exemplar_index": 5, "frequency": 7, "exemplar_strength": 2.354120347120954e-06}, {"word_key": "F6T5", "exemplar": 0.6, "exemplar_index": 1, "frequency": 6, "exemplar_strength": 2.615689274578838e-06}, {"word_key": "F10T1", "exemplar": 1.9, "exemplar_index": 7, "frequency": 10, "exemplar_strength": 2.9063214161987086e-06}, {"word_key": "F7T4", "exemplar": 1.2, "exemplar_index": 5, "frequency": 7, "exemplar_strength": 3.229246017998565e-06}, {"word_key": "F12T1", "exemplar": -1.5, "exemplar_index": 0, "frequency": 12, "exemplar_strength": 3.5880511311095166e-06}, {"word_key": "F5T2", "exemplar": 1.0, "exemplar_index": 1, "frequency": 5, "exemplar_strength": 3.986723479010574e-06}, {"word_key": "F8T8", "exemplar": -0.2, "exemplar_index": 3, "frequency": 8, "exemplar_strength": 4.429692754456193e-06}, {"word_key": "F9T1", "exemplar": -1.2, "exemplar_index": 0, "frequency": 9, "exemplar_strength": 4.9218808382846585e-06}, {"word_key": "F10T1", "exemplar": 0.5, "exemplar_index": 4, "frequency": 10, "exemplar_strength": 5.468756486982954e-06}, {"word_key": "F8T8", "exemplar": -0.1, "exemplar_index": 1, "frequency": 8, "exemplar_strength": 6.076396096647726e-06}, {"word_key": "F8T2", "exemplar": 0.6, "exemplar_index": 1, "frequency": 8, "exemplar_strength": 6.751551218497473e-06}, {"word_key": "F8T8", "exemplar": 0.2, "exemplar_index": 2, "frequency": 8, "exemplar_strength": 7.501723576108304e-06}, {"word_key": "F7T2", "exemplar": 0.7, "exemplar_index": 5, "frequency": 7, "exemplar_strength": 8.335248417898115e-06}, {"word_key": "F8T7", "exemplar": 1.2, "exemplar_index": 1, "frequency": 8, "exemplar_strength": 9.261387130997904e-06}, {"word_key": "F5T13", "exemplar": -1.6, "exemplar_index": 2, "frequency": 5, "exemplar_strength": 1.0290430145553226e-05}, {"word_key": "F11T1", "exemplar": 0.7, "exemplar_index": 6, "frequency": 11, "exemplar_strength": 1.1433811272836918e-05}, {"word_key": "F7T8", "exemplar": 1.9, "exemplar_index": 4, "frequency": 7, "exemplar_strength": 1.2704234747596576e-05}, {"word_key": "F7T3", "exemplar": -1.9, "exemplar_index": 0, "frequency": 7, "exemplar_strength": 1.4115816386218418e-05}, {"word_key": "F9T4", "exemplar": -0.9, "exemplar_index": 0, "frequency": 9, "exemplar_strength": 1.5684240429131574e-05}, {"word_key": "F4T6", "exemplar": 0.5, "exemplar_index": 1, "frequency": 4, "exemplar_strength": 1.742693381014619e-05}, {"word_key": "F7T10", "exemplar": -1.1, "exemplar_index": 6, "frequency": 7, "exemplar_strength": 1.9363259789051322e-05}, {"word_key": "F7T2", "exemplar": 1.6, "exemplar_index": 0, "frequency": 7, "exemplar_strength": 2.1514733098945913e-05}, {"word_key": "F6T14", "exemplar": -0.9, "exemplar_index": 5, "frequency": 6, "exemplar_strength": 2.390525899882879e-05}, {"word_key": "F6T2", "exemplar": -0.2, "exemplar_index": 2, "frequency": 6, "exemplar_strength": 2.6561398887587544e-05}, {"word_key": "F7T5", "exemplar": -1.0, "exemplar_index": 5, "frequency": 7, "exemplar_strength": 2.9512665430652825e-05}, {"word_key": "F4T6", "exemplar": 0.2, "exemplar_index": 2, "frequency": 4, "exemplar_strength": 3.279185047850314e-05}, {"word_key": "F8T7", "exemplar": 1.4, "exemplar_index": 6, "frequency": 8, "exemplar_strength": 3.6435389420559045e-05}, {"word_key": "F7T9", "exemplar": -0.6, "exemplar_index": 2, "frequency": 7, "exemplar_strength": 4.048376602284338e-05}, {"word_key": "F8T7", "exemplar": 1.4, "exemplar_index": 6, "frequency": 8, "exemplar_strength": 4.4981962247603756e-05}, {"word_key": "F10T3", "exemplar": -0.4, "exemplar_index": 0, "frequency": 10, "exemplar_strength": 4.997995805289306e-05}, {"word_key": "F7T12", "exemplar": 0.4, "exemplar_index": 4, "frequency": 7, "exemplar_strength": 5.5533286725436733e-05}, {"word_key": "F3T9", "exemplar": -0.3, "exemplar_index": 1, "frequency": 3, "exemplar_strength": 6.170365191715192e-05}, {"word_key": "F5T4", "exemplar": -1.9, "exemplar_index": 2, "frequency": 5, "exemplar_strength": 6.85596132412799e-05}, {"word_key": "F6T7", "exemplar": -0.6, "exemplar_index": 5, "frequency": 6, "exemplar_strength": 7.617734804586655e-05}, {"word_key": "F8T6", "exemplar": 1.2, "exemplar_index": 6, "frequency": 8, "exemplar_strength": 8.464149782874061e-05}, {"word_key": "F6T5", "exemplar": -1.1, "exemplar_index": 0, "frequency": 6, "exemplar_strength": 9.404610869860067e-05}, {"word_key": "F4T2", "exemplar": 1.5, "exemplar_index": 2, "frequency": 4, "exemplar_strength": 0.00010449567633177853}, {"word_key": "F7T4", "exemplar": 0.2, "exemplar_index": 1, "frequency": 7, "exemplar_strength": 0.00011610630703530947}, {"word_key": "F12T1", "exemplar": -0.5, "exemplar_index": 4, "frequency": 12, "exemplar_strength": 0.00012900700781701051}, {"word_key": "F7T4", "exemplar": 0.2, "exemplar_index": 1, "frequency": 7, "exemplar_strength": 0.00014334111979667834}, {"word_key": "F7T4", "exemplar": 0.2, "exemplar_index": 1, "frequency": 7, "exemplar_strength": 0.00015926791088519815}, {"word_key": "F7T1", "exemplar": -0.7, "exemplar_index": 6, "frequency": 7, "exemplar_strength": 0.00017696434542799794}, {"word_key": "F6T6", "exemplar": 0.9, "exemplar_index": 2, "frequency": 6, "exemplar_strength": 0.00019662705047555326}, {"word_key": "F11T1", "exemplar": 1.5, "exemplar_index": 5, "frequency": 11, "exemplar_strength": 0.00021847450052839252}, {"word_key": "F3T6", "exemplar": 1.6, "exemplar_index": 0, "frequency": 3, "exemplar_strength": 0.00024274944503154723}, {"word_key": "F6T5", "exemplar": 0.6, "exemplar_index": 4, "frequency": 6, "exemplar_strength": 0.00026972160559060804}, {"word_key": "F5T8", "exemplar": 0.6, "exemplar_index": 3, "frequency": 5, "exemplar_strength": 0.0002996906728784534}, {"word_key": "F8T2", "exemplar": 1.5, "exemplar_index": 5, "frequency": 8, "exemplar_strength": 0.00033298963653161486}, {"word_key": "F4T10", "exemplar": 0.0, "exemplar_index": 2, "frequency": 4, "exemplar_strength": 0.0003699884850351276}, {"word_key": "F3T7", "exemplar": 1.1, "exemplar_index": 2, "frequency": 3, "exemplar_strength": 0.0004110983167056973}, {"word_key": "F7T4", "exemplar": 0.2, "exemplar_index": 1, "frequency": 7, "exemplar_strength": 0.00045677590745077476}, {"word_key": "F3T9", "exemplar": 0.7, "exemplar_index": 2, "frequency": 3, "exemplar_strength": 0.0005075287860564164}, {"word_key": "F6T1", "exemplar": 1.2, "exemplar_index": 4, "frequency": 6, "exemplar_strength": 0.0005639208733960181}, {"word_key": "F4T10", "exemplar": -1.1, "exemplar_index": 3, "frequency": 4, "exemplar_strength": 0.0006265787482177979}, {"word_key": "F5T13", "exemplar": 0.4, "exemplar_index": 3, "frequency": 5, "exemplar_strength": 0.0006961986091308866}, {"word_key": "F6T2", "exemplar": -1.1, "exemplar_index": 0, "frequency": 6, "exemplar_strength": 0.0007735540101454295}, {"word_key": "F6T5", "exemplar": -1.1, "exemplar_index": 0, "frequency": 6, "exemplar_strength": 0.0008595044557171439}, {"word_key": "F6T11", "exemplar": 0.2, "exemplar_index": 4, "frequency": 6, "exemplar_strength": 0.0009550049507968265}, {"word_key": "F7T1", "exemplar": 1.2, "exemplar_index": 4, "frequency": 7, "exemplar_strength": 0.0010611166119964739}, {"word_key": "F4T11", "exemplar": 1.2, "exemplar_index": 3, "frequency": 4, "exemplar_strength": 0.0011790184577738598}, {"word_key": "F6T7", "exemplar": -0.2, "exemplar_index": 3, "frequency": 6, "exemplar_strength": 0.001310020508637622}, {"word_key": "F6T13", "exemplar": -1.1, "exemplar_index": 2, "frequency": 6, "exemplar_strength": 0.0014555783429306911}, {"word_key": "F8T5", "exemplar": -0.7, "exemplar_index": 2, "frequency": 8, "exemplar_strength": 0.0016173092699229901}, {"word_key": "F9T5", "exemplar": 0.2, "exemplar_index": 6, "frequency": 9, "exemplar_strength": 0.0017970102999144335}, {"word_key": "F5T10", "exemplar": -0.3, "exemplar_index": 4, "frequency": 5, "exemplar_strength": 0.001996678111016037}, {"word_key": "F5T5", "exemplar": 1.4, "exemplar_index": 3, "frequency": 5, "exemplar_strength": 0.0022185312344622636}, {"word_key": "F8T5", "exemplar": -0.9, "exemplar_index": 5, "frequency": 8, "exemplar_strength": 0.0024650347049580707}, {"word_key": "F7T5", "exemplar": 0.6, "exemplar_index": 3, "frequency": 7, "exemplar_strength": 0.0027389274499534117}, {"word_key": "F5T4", "exemplar": 0.1, "exemplar_index": 1, "frequency": 5, "exemplar_strength": 0.0030432527221704573}, {"word_key": "F7T6", "exemplar": -0.5, "exemplar_index": 1, "frequency": 7, "exemplar_strength": 0.00338139191352273}, {"word_key": "F5T7", "exemplar": -1.6, "exemplar_index": 4, "frequency": 5, "exemplar_strength": 0.003757102126136367}, {"word_key": "F8T5", "exemplar": -1.1, "exemplar_index": 1, "frequency": 8, "exemplar_strength": 0.0041745579179292966}, {"word_key": "F4T3", "exemplar": 0.7, "exemplar_index": 1, "frequency": 4, "exemplar_strength": 0.004638397686588107}, {"word_key": "F4T6", "exemplar": 0.2, "exemplar_index": 0, "frequency": 4, "exemplar_strength": 0.00515377520732012}, {"word_key": "F7T12", "exemplar": -0.2, "exemplar_index": 0, "frequency": 7, "exemplar_strength": 0.005726416897022355}, {"word_key": "F7T8", "exemplar": 1.0, "exemplar_index": 3, "frequency": 7, "exemplar_strength": 0.00636268544113595}, {"word_key": "F5T10", "exemplar": 0.5, "exemplar_index": 2, "frequency": 5, "exemplar_strength": 0.007069650490151055}, {"word_key": "F11T1", "exemplar": -0.5, "exemplar_index": 8, "frequency": 11, "exemplar_strength": 0.00785516721127895}, {"word_key": "F5T2", "exemplar": 1.2, "exemplar_index": 2, "frequency": 5, "exemplar_strength": 0.008727963568087723}, {"word_key": "F6T13", "exemplar": 1.9, "exemplar_index": 3, "frequency": 6, "exemplar_strength": 0.009697737297875247}, {"word_key": "F8T4", "exemplar": 0.1, "exemplar_index": 4, "frequency": 8, "exemplar_strength": 0.01077526366430583}, {"word_key": "F6T8", "exemplar": -0.8, "exemplar_index": 1, "frequency": 6, "exemplar_strength": 0.011972515182562033}, {"word_key": "F7T1", "exemplar": -0.9, "exemplar_index": 2, "frequency": 7, "exemplar_strength": 0.013302794647291147}, {"word_key": "F6T13", "exemplar": 1.9, "exemplar_index": 3, "frequency": 6, "exemplar_strength": 0.014780882941434608}, {"word_key": "F8T1", "exemplar": 1.8, "exemplar_index": 1, "frequency": 8, "exemplar_strength": 0.016423203268260675}, {"word_key": "F7T9", "exemplar": 0.6, "exemplar_index": 3, "frequency": 7, "exemplar_strength": 0.01824800363140075}, {"word_key": "F7T11", "exemplar": -0.1, "exemplar_index": 6, "frequency": 7, "exemplar_strength": 0.020275559590445278}, {"word_key": "F6T11", "exemplar": 0.2, "exemplar_index": 1, "frequency": 6, "exemplar_strength": 0.0225283995449392}, {"word_key": "F7T2", "exemplar": 0.5, "exemplar_index": 4, "frequency": 7, "exemplar_strength": 0.025031555049932444}, {"word_key": "F8T7", "exemplar": -0.7, "exemplar_index": 4, "frequency": 8, "exemplar_strength": 0.02781283894436938}, {"word_key": "F8T1", "exemplar": -1.6, "exemplar_index": 2, "frequency": 8, "exemplar_strength": 0.030903154382632643}, {"word_key": "F3T10", "exemplar": -1.3, "exemplar_index": 1, "frequency": 3, "exemplar_strength": 0.03433683820292516}, {"word_key": "F12T1", "exemplar": -1.1, "exemplar_index": 9, "frequency": 12, "exemplar_strength": 0.03815204244769462}, {"word_key": "F5T10", "exemplar": 0.8, "exemplar_index": 1, "frequency": 5, "exemplar_strength": 0.042391158275216244}, {"word_key": "F6T11", "exemplar": 0.9, "exemplar_index": 5, "frequency": 6, "exemplar_strength": 0.04710128697246249}, {"word_key": "F10T1", "exemplar": 0.2, "exemplar_index": 0, "frequency": 10, "exemplar_strength": 0.0523347633027361}, {"word_key": "F1T3", "exemplar": -0.5, "exemplar_index": 0, "frequency": 1, "exemplar_strength": 0.05814973700304011}, {"word_key": "F4T10", "exemplar": -0.9, "exemplar_index": 1, "frequency": 4, "exemplar_strength": 0.06461081889226679}, {"word_key": "F7T10", "exemplar": -0.9, "exemplar_index": 0, "frequency": 7, "exemplar_strength": 0.07178979876918531}, {"word_key": "F4T4", "exemplar": -0.8, "exemplar_index": 0, "frequency": 4, "exemplar_strength": 0.07976644307687257}, {"word_key": "F10T1", "exemplar": 1.6, "exemplar_index": 8, "frequency": 10, "exemplar_strength": 0.08862938119652508}, {"word_key": "F5T2", "exemplar": 1.2, "exemplar_index": 2, "frequency": 5, "exemplar_strength": 0.0984770902183612}, {"word_key": "F6T11", "exemplar": 1.1, "exemplar_index": 2, "frequency": 6, "exemplar_strength": 0.10941898913151243}, {"word_key": "F10T2", "exemplar": -0.2, "exemplar_index": 5, "frequency": 10, "exemplar_strength": 0.12157665459056936}, {"word_key": "F9T4", "exemplar": -0.5, "exemplar_index": 6, "frequency": 9, "exemplar_strength": 0.13508517176729928}, {"word_key": "F4T8", "exemplar": 1.6, "exemplar_index": 2, "frequency": 4, "exemplar_strength": 0.1500946352969992}, {"word_key": "F8T5", "exemplar": -0.1, "exemplar_index": 0, "frequency": 8, "exemplar_strength": 0.16677181699666577}, {"word_key": "F7T10", "exemplar": -0.1, "exemplar_index": 2, "frequency": 7, "exemplar_strength": 0.1853020188851842}, {"word_key": "F8T1", "exemplar": -0.4, "exemplar_index": 6, "frequency": 8, "exemplar_strength": 0.2058911320946491}, {"word_key": "F6T8", "exemplar": 0.5, "exemplar_index": 5, "frequency": 6, "exemplar_strength": 0.22876792454961012}, {"word_key": "F10T1", "exemplar": 0.2, "exemplar_index": 9, "frequency": 10, "exemplar_strength": 0.25418658283290013}, {"word_key": "F3T4", "exemplar": -1.3, "exemplar_index": 1, "frequency": 3, "exemplar_strength": 0.28242953648100017}, {"word_key": "F5T5", "exemplar": -0.8, "exemplar_index": 1, "frequency": 5, "exemplar_strength": 0.31381059609000017}, {"word_key": "F8T7", "exemplar": 1.2, "exemplar_index": 2, "frequency": 8, "exemplar_strength": 0.34867844010000015}, {"word_key": "F6T11", "exemplar": 0.9, "exemplar_index": 5, "frequency": 6, "exemplar_strength": 0.38742048900000015}, {"word_key": "F5T12", "exemplar": -0.7, "exemplar_index": 4, "frequency": 5, "exemplar_strength": 0.43046721000000016}, {"word_key": "F5T7", "exemplar": -0.1, "exemplar_index": 2, "frequency": 5, "exemplar_strength": 0.47829690000000014}, {"word_key": "F7T8", "exemplar": -1.6, "exemplar_index": 6, "frequency": 7, "exemplar_strength": 0.5314410000000002}, {"word_key": "F9T1", "exemplar": 1.0, "exemplar_index": 8, "frequency": 9, "exemplar_strength": 0.5904900000000002}, {"word_key": "F9T1", "exemplar": 2.2, "exemplar_index": 7, "frequency": 9, "exemplar_strength": 0.6561000000000001}, {"word_key": "F6T12", "exemplar": 0.5, "exemplar_index": 5, "frequency": 6, "exemplar_strength": 0.7290000000000001}, {"word_key": "F11T1", "exemplar": -1.4, "exemplar_index": 7, "frequency": 11, "exemplar_strength": 0.81}, {"word_key": "F6T13", "exemplar": -1.9, "exemplar_index": 1, "frequency": 6, "exemplar_strength": 0.9}, {"word_key": "F11T1", "exemplar": -0.2, "exemplar_index": 0, "frequency": 11, "exemplar_strength": 1}]