[{"word_key": "F6T12", "exemplar": 0.5, "exemplar_index": 2, "frequency": 6, "exemplar_strength": 1.0475509846408014e-10}, {"word_key": "F2T3", "exemplar": 0.7, "exemplar_index": 1, "frequency": 2, "exemplar_strength": 1.1026852469903174e-10}, {"word_key": "F9T5", "exemplar": 0.1, "exemplar_index": 3, "frequency": 9, "exemplar_strength": 1.1607213126213867e-10}, {"word_key": "F6T13", "exemplar": -1.9, "exemplar_index": 1, "frequency": 6, "exemplar_strength": 1.2218119080225124e-10}, {"word_key": "F4T1", "exemplar": 0.4, "exemplar_index": 1, "frequency": 4, "exemplar_strength": 1.2861177979184341e-10}, {"word_key": "F6T3", "exemplar": 1.0, "exemplar_index": 4, "frequency": 6, "exemplar_strength": 1.3538082083351939e-10}, {"word_key": "F5T5", "exemplar": -1.9, "exemplar_index": 0, "frequency": 5, "exemplar_strength": 1.4250612719317831e-10}, {"word_key": "F4T10", "exemplar": -1.1, "exemplar_index": 3, "frequency": 4, "exemplar_strength": 1.5000644967702982e-10}, {"word_key": "F7T10", "exemplar": -1.1, "exemplar_index": 6, "frequency": 7, "exemplar_strength": 1.5790152597582087e-10}, {"word_key": "F9T5", "exemplar": 0.1, "exemplar_index": 3, "frequency": 9, "exemplar_strength": 1.6621213260612725e-10}, {"word_key": "F3T10", "exemplar": -1.6, "exemplar_index": 2, "frequency": 3, "exemplar_strength": 1.749601395853971e-10}, {"word_key": "F7T6", "exemplar": -1.2, "exemplar_index": 3, "frequency": 7, "exemplar_strength": 1.8416856798462855e-10}, {"word_key": "F6T3", "exemplar": 1.0, "exemplar_index": 4, "frequency": 6, "exemplar_strength": 1.9386165051013534e-10}, {"word_key": "F8T7", "exemplar": -0.7, "exemplar_index": 4, "frequency": 8, "exemplar_strength": 2.0406489527382667e-10}, {"word_key": "F9T4", "exemplar": -0.4, "exemplar_index": 3, "frequency": 9, "exemplar_strength": 2.1480515291981755e-10}, {"word_key": "F8T7", "exemplar": -0.3, "exemplar_index": 5, "frequency": 8, "exemplar_strength": 2.2611068728401848e-10}, {"word_key": "F6T1", "exemplar": 1.2, "exemplar_index": 4, "frequency": 6, "exemplar_strength": 2.3801124977265104e-10}, {"word_key": "F4T1", "exemplar": 0.4, "exemplar_index": 1, "frequency": 4, "exemplar_strength": 2.505381576554222e-10}, {"word_key": "F1T5", "exemplar": 0.5, "exemplar_index": 0, "frequency": 1, "exemplar_strength": 2.637243764793918e-10}, {"word_key": "F7T1", "exemplar": -1.2, "exemplar_index": 1, "frequency": 7, "exemplar_strength": 2.776046068204124e-10}, {"word_key": "F2T2", "exemplar": -0.2, "exemplar_index": 0, "frequency": 2, "exemplar_strength": 2.9221537560043415e-10}, {"word_key": "F1T5", "exemplar": 0.5, "exemplar_index": 0, "frequency": 1, "exemplar_strength": 3.0759513221098333e-10}, {"word_key": "F5T9", "exemplar": 0.2, "exemplar_index": 3, "frequency": 5, "exemplar_strength": 3.2378434969577195e-10}, {"word_key": "F4T1", "exemplar": 0.4, "exemplar_index": 1, "frequency": 4, "exemplar_strength": 3.408256312587073e-10}, {"word_key": "F4T5", "exemplar": 0.6, "exemplar_index": 3, "frequency": 4, "exemplar_strength": 3.5876382237758666e-10}, {"word_key": "F7T4", "exemplar": -1.4, "exemplar_index": 0, "frequency": 7, "exemplar_strength": 3.776461288185123e-10}, {"word_key": "F8T6", "exemplar": 0.5, "exemplar_index": 3, "frequency": 8, "exemplar_strength": 3.9752224086159194e-10}, {"word_key": "F7T6", "exemplar": 0.4, "exemplar_index": 4, "frequency": 7, "exemplar_strength": 4.1844446406483364e-10}, {"word_key": "F6T6", "exemplar": 1.3, "exemplar_index": 5, "frequency": 6, "exemplar_strength": 4.4046785691035123e-10}, {"word_key": "F4T3", "exemplar": -1.2, "exemplar_index": 0, "frequency": 4, "exemplar_strength": 4.6365037569510656e-10}, {"word_key": "F4T1", "exemplar": 0.4, "exemplar_index": 1, "frequency": 4, "exemplar_strength": 4.880530270474806e-10}, {"word_key": "F8T5", "exemplar": 1.0, "exemplar_index": 6, "frequency": 8, "exemplar_strength": 5.137400284710322e-10}, {"word_key": "F6T8", "exemplar": 2.3, "exemplar_index": 2, "frequency": 6, "exemplar_strength": 5.407789773379287e-10}, {"word_key": "F9T4", "exemplar": -0.6, "exemplar_index": 4, "frequency": 9, "exemplar_strength": 5.69241028776767e-10}, {"word_key": "F8T8", "exemplar": 0.3, "exemplar_index": 7, "frequency": 8, "exemplar_strength": 5.992010829229127e-10}, {"word_key": "F4T7", "exemplar": -0.8, "exemplar_index": 3, "frequency": 4, "exemplar_strength": 6.307379820241186e-10}, {"word_key": "F5T1", "exemplar": 0.2, "exemplar_index": 2, "frequency": 5, "exemplar_strength": 6.639347179201249e-10}, {"word_key": "F6T12", "exemplar": -0.9, "exemplar_index": 1, "frequency": 6, "exemplar_strength": 6.988786504422368e-10}, {"word_key": "F8T6", "exemplar": 1.2, "exemplar_index": 6, "frequency": 8, "exemplar_strength": 7.356617373076177e-10}, {"word_key": "F4T8", "exemplar": 1.6, "exemplar_index": 2, "frequency": 4, "exemplar_strength": 7.743807761132818e-10}, {"word_key": "F7T1", "exemplar": -1.2, "exemplar_index": 1, "frequency": 7, "exemplar_strength": 8.151376590666125e-10}, {"word_key": "F4T8", "exemplar": 1.6, "exemplar_index": 2, "frequency": 4, "exemplar_strength": 8.580396411227499e-10}, {"word_key": "F10T1", "exemplar": 1.9, "exemplar_index": 7, "frequency": 10, "exemplar_strength": 9.031996222344736e-10}, {"word_key": "F10T2", "exemplar": -0.5, "exemplar_index": 8, "frequency": 10, "exemplar_strength": 9.507364444573407e-10}, {"word_key": "F4T3", "exemplar": -1.2, "exemplar_index": 0, "frequency": 4, "exemplar_strength": 1.0007752046919376e-09}, {"word_key": "F5T7", "exemplar": -0.5, "exemplar_index": 3, "frequency": 5, "exemplar_strength": 1.0534475838862501e-09}, {"word_key": "F1T3", "exemplar": -0.5, "exemplar_index": 0, "frequency": 1, "exemplar_strength": 1.1088921935644738e-09}, {"word_key": "F7T11", "exemplar": 0.2, "exemplar_index": 0, "frequency": 7, "exemplar_strength": 1.167254940594183e-09}, {"word_key": "F7T4", "exemplar": 1.2, "exemplar_index": 5, "frequency": 7, "exemplar_strength": 1.2286894111517717e-09}, {"word_key": "F7T5", "exemplar": 0.5, "exemplar_index": 0, "frequency": 7, "exemplar_strength": 1.293357274896602e-09}, {"word_key": "F6T11", "exemplar": 0.7, "exemplar_index": 0, "frequency": 6, "exemplar_strength": 1.3614287104174757e-09}, {"word_key": "F6T12", "exemplar": -0.9, "exemplar_index": 1, "frequency": 6, "exemplar_strength": 1.4330828530710272e-09}, {"word_key": "F3T5", "exemplar": 0.2, "exemplar_index": 0, "frequency": 3, "exemplar_strength": 1.508508266390555e-09}, {"word_key": "F12T1", "exemplar": -1.6, "exemplar_index": 3, "frequency": 12, "exemplar_strength": 1.5879034383058473e-09}, {"word_key": "F7T1", "exemplar": -0.9, "exemplar_index": 3, "frequency": 7, "exemplar_strength": 1.6714773034798393e-09}, {"word_key": "F7T11", "exemplar": 1.4, "exemplar_index": 1, "frequency": 7, "exemplar_strength": 1.759449793136673e-09}, {"word_key": "F5T6", "exemplar": -0.9, "exemplar_index": 1, "frequency": 5, "exemplar_strength": 1.852052413828077e-09}, {"word_key": "F10T1", "exemplar": 1.9, "exemplar_index": 7, "frequency": 10, "exemplar_strength": 1.9495288566611337e-09}, {"word_key": "F7T1", "exemplar": -0.9, "exemplar_index": 3, "frequency": 7, "exemplar_strength": 2.052135638590667e-09}, {"word_key": "F8T7", "exemplar": -1.0, "exemplar_index": 7, "frequency": 8, "exemplar_strength": 2.16014277746386e-09}, {"word_key": "F6T14", "exemplar": 0.1, "exemplar_index": 1, "frequency": 6, "exemplar_strength": 2.273834502593537e-09}, {"word_key": "F2T4", "exemplar": 0.8, "exemplar_index": 0, "frequency": 2, "exemplar_strength": 2.3935100027300392e-09}, {"word_key": "F6T12", "exemplar": 0.4, "exemplar_index": 0, "frequency": 6, "exemplar_strength": 2.5194842134000415e-09}, {"word_key": "F10T3", "exemplar": 0.8, "exemplar_index": 1, "frequency": 10, "exemplar_strength": 2.6520886456842543e-09}, {"word_key": "F9T5", "exemplar": 0.1, "exemplar_index": 0, "frequency": 9, "exemplar_strength": 2.7916722586150046e-09}, {"word_key": "F5T4", "exemplar": -1.9, "exemplar_index": 2, "frequency": 5, "exemplar_strength": 2.9386023774894787e-09}, {"word_key": "F5T6", "exemplar": -0.1, "exemplar_index": 0, "frequency": 5, "exemplar_strength": 3.093265660515241e-09}, {"word_key": "F7T8", "exemplar": 1.9, "exemplar_index": 5, "frequency": 7, "exemplar_strength": 3.256069116331833e-09}, {"word_key": "F7T3", "exemplar": 1.8, "exemplar_index": 6, "frequency": 7, "exemplar_strength": 3.42744117508614e-09}, {"word_key": "F10T1", "exemplar": 0.2, "exemplar_index": 0, "frequency": 10, "exemplar_strength": 3.6078328158801476e-09}, {"word_key": "F9T1", "exemplar": 2.2, "exemplar_index": 7, "frequency": 9, "exemplar_strength": 3.79771875355805e-09}, {"word_key": "F6T4", "exemplar": -0.6, "exemplar_index": 3, "frequency": 6, "exemplar_strength": 3.997598687955842e-09}, {"word_key": "F7T6", "exemplar": -0.5, "exemplar_index": 1, "frequency": 7, "exemplar_strength": 4.207998618900887e-09}, {"word_key": "F7T7", "exemplar": 1.2, "exemplar_index": 6, "frequency": 7, "exemplar_strength": 4.429472230421986e-09}, {"word_key": "F7T12", "exemplar": -0.2, "exemplar_index": 0, "frequency": 7, "exemplar_strength": 4.662602347812617e-09}, {"word_key": "F6T6", "exemplar": 0.9, "exemplar_index": 2, "frequency": 6, "exemplar_strength": 4.908002471381702e-09}, {"word_key": "F4T9", "exemplar": 0.9, "exemplar_index": 2, "frequency": 4, "exemplar_strength": 5.166318390928108e-09}, {"word_key": "F5T11", "exemplar": -0.7, "exemplar_index": 0, "frequency": 5, "exemplar_strength": 5.4382298851874825e-09}, {"word_key": "F6T3", "exemplar": 0.3, "exemplar_index": 5, "frequency": 6, "exemplar_strength": 5.724452510723666e-09}, {"word_key": "F1T5", "exemplar": 0.5, "exemplar_index": 0, "frequency": 1, "exemplar_strength": 6.025739484972281e-09}, {"word_key": "F6T9", "exemplar": -0.9, "exemplar_index": 2, "frequency": 6, "exemplar_strength": 6.342883668391875e-09}, {"word_key": "F7T10", "exemplar": 0.9, "exemplar_index": 3, "frequency": 7, "exemplar_strength": 6.676719650938816e-09}, {"word_key": "F6T11", "exemplar": 0.2, "exemplar_index": 3, "frequency": 6, "exemplar_strength": 7.028125948356649e-09}, {"word_key": "F8T3", "exemplar": 0.1, "exemplar_index": 5, "frequency": 8, "exemplar_strength": 7.398027314059631e-09}, {"word_key": "F8T7", "exemplar": 0.3, "exemplar_index": 3, "frequency": 8, "exemplar_strength": 7.787397172694349e-09}, {"word_key": "F10T2", "exemplar": -0.2, "exemplar_index": 3, "frequency": 10, "exemplar_strength": 8.197260181783527e-09}, {"word_key": "F8T3", "exemplar": 0.1, "exemplar_index": 5, "frequency": 8, "exemplar_strength": 8.628694928193187e-09}, {"word_key": "F5T8", "exemplar": 0.6, "exemplar_index": 4, "frequency": 5, "exemplar_strength": 9.082836766519144e-09}, {"word_key": "F9T4", "exemplar": -0.5, "exemplar_index": 6, "frequency": 9, "exemplar_strength": 9.560880806862258e-09}, {"word_key": "F8T2", "exemplar": 0.3, "exemplar_index": 4, "frequency": 8, "exemplar_strength": 1.0064085059855008e-08}, {"word_key": "F4T2", "exemplar": -1.2, "exemplar_index": 3, "frequency": 4, "exemplar_strength": 1.0593773747215798e-08}, {"word_key": "F8T1", "exemplar": -1.6, "exemplar_index": 2, "frequency": 8, "exemplar_strength": 1.1151340786542946e-08}, {"word_key": "F5T8", "exemplar": 0.6, "exemplar_index": 4, "frequency": 5, "exemplar_strength": 1.1738253459518891e-08}, {"word_key": "F5T3", "exemplar": -0.9, "exemplar_index": 3, "frequency": 5, "exemplar_strength": 1.2356056273177782e-08}, {"word_key": "F7T8", "exemplar": 0.7, "exemplar_index": 1, "frequency": 7, "exemplar_strength": 1.3006375024397665e-08}, {"word_key": "F10T2", "exemplar": 1.4, "exemplar_index": 0, "frequency": 10, "exemplar_strength": 1.3690921078313332e-08}, {"word_key": "F8T3", "exemplar": 0.1, "exemplar_index": 5, "frequency": 8, "exemplar_strength": 1.4411495871908771e-08}, {"word_key": "F7T4", "exemplar": 1.2, "exemplar_index": 5, "frequency": 7, "exemplar_strength": 1.5169995654640813e-08}, {"word_key": "F2T3", "exemplar": -0.2, "exemplar_index": 0, "frequency": 2, "exemplar_strength": 1.596841647856928e-08}, {"word_key": "F8T1", "exemplar": -1.6, "exemplar_index": 2, "frequency": 8, "exemplar_strength": 1.680885945112556e-08}, {"word_key": "F6T10", "exemplar": 2.2, "exemplar_index": 3, "frequency": 6, "exemplar_strength": 1.7693536264342694e-08}, {"word_key": "F6T3", "exemplar": 0.3, "exemplar_index": 5, "frequency": 6, "exemplar_strength": 1.8624775015097576e-08}, {"word_key": "F4T4", "exemplar": -0.5, "exemplar_index": 3, "frequency": 4, "exemplar_strength": 1.960502633168166e-08}, {"word_key": "F5T3", "exemplar": 1.5, "exemplar_index": 1, "frequency": 5, "exemplar_strength": 2.06368698228228e-08}, {"word_key": "F7T11", "exemplar": -0.2, "exemplar_index": 5, "frequency": 7, "exemplar_strength": 2.1723020866129264e-08}, {"word_key": "F3T3", "exemplar": -0.4, "exemplar_index": 2, "frequency": 3, "exemplar_strength": 2.286633775382028e-08}, {"word_key": "F2T4", "exemplar": 0.8, "exemplar_index": 0, "frequency": 2, "exemplar_strength": 2.4069829214547663e-08}, {"word_key": "F2T4", "exemplar": 0.8, "exemplar_index": 0, "frequency": 2, "exemplar_strength": 2.5336662331102805e-08}, {"word_key": "F6T10", "exemplar": -0.4, "exemplar_index": 0, "frequency": 6, "exemplar_strength": 2.667017087484506e-08}, {"word_key": "F5T7", "exemplar": -0.6, "exemplar_index": 1, "frequency": 5, "exemplar_strength": 2.8073864078784275e-08}, {"word_key": "F7T2", "exemplar": -0.4, "exemplar_index": 6, "frequency": 7, "exemplar_strength": 2.95514358724045e-08}, {"word_key": "F8T5", "exemplar": -0.1, "exemplar_index": 0, "frequency": 8, "exemplar_strength": 3.110677460253105e-08}, {"word_key": "F5T2", "exemplar": -0.8, "exemplar_index": 3, "frequency": 5, "exemplar_strength": 3.2743973265822166e-08}, {"word_key": "F6T9", "exemplar": -0.9, "exemplar_index": 2, "frequency": 6, "exemplar_strength": 3.446734027981281e-08}, {"word_key": "F2T3", "exemplar": -0.2, "exemplar_index": 0, "frequency": 2, "exemplar_strength": 3.628141082085559e-08}, {"word_key": "F9T4", "exemplar": -1.0, "exemplar_index": 8, "frequency": 9, "exemplar_strength": 3.819095875879536e-08}, {"word_key": "F8T5", "exemplar": 1.5, "exemplar_index": 3, "frequency": 8, "exemplar_strength": 4.020100921978459e-08}, {"word_key": "F6T11", "exemplar": 0.9, "exemplar_index": 5, "frequency": 6, "exemplar_strength": 4.231685181029957e-08}, {"word_key": "F9T3", "exemplar": -0.7, "exemplar_index": 5, "frequency": 9, "exemplar_strength": 4.454405453715745e-08}, {"word_key": "F6T2", "exemplar": -1.1, "exemplar_index": 0, "frequency": 6, "exemplar_strength": 4.688847846016574e-08}, {"word_key": "F2T1", "exemplar": 1.9, "exemplar_index": 1, "frequency": 2, "exemplar_strength": 4.935629311596394e-08}, {"word_key": "F4T4", "exemplar": 1.3, "exemplar_index": 1, "frequency": 4, "exemplar_strength": 5.1953992753646255e-08}, {"word_key": "F4T2", "exemplar": 1.6, "exemplar_index": 0, "frequency": 4, "exemplar_strength": 5.46884134248908e-08}, {"word_key": "F2T3", "exemplar": -0.2, "exemplar_index": 0, "frequency": 2, "exemplar_strength": 5.756675097356927e-08}, {"word_key": "F9T1", "exemplar": 0.9, "exemplar_index": 6, "frequency": 9, "exemplar_strength": 6.059657997217818e-08}, {"word_key": "F7T4", "exemplar": 0.2, "exemplar_index": 1, "frequency": 7, "exemplar_strength": 6.378587365492441e-08}, {"word_key": "F5T2", "exemplar": 0.1, "exemplar_index": 0, "frequency": 5, "exemplar_strength": 6.714302489992043e-08}, {"word_key": "F6T6", "exemplar": 1.3, "exemplar_index": 5, "frequency": 6, "exemplar_strength": 7.067686831570571e-08}, {"word_key": "F7T11", "exemplar": -1.1, "exemplar_index": 4, "frequency": 7, "exemplar_strength": 7.439670349021654e-08}, {"word_key": "F6T3", "exemplar": 0.3, "exemplar_index": 5, "frequency": 6, "exemplar_strength": 7.831231946338584e-08}, {"word_key": "F8T4", "exemplar": 0.1, "exemplar_index": 4, "frequency": 8, "exemplar_strength": 8.243402048777457e-08}, {"word_key": "F4T7", "exemplar": -0.2, "exemplar_index": 0, "frequency": 4, "exemplar_strength": 8.677265314502586e-08}, {"word_key": "F9T4", "exemplar": -0.4, "exemplar_index": 1, "frequency": 9, "exemplar_strength": 9.133963488950091e-08}, {"word_key": "F12T1", "exemplar": -1.7, "exemplar_index": 8, "frequency": 12, "exemplar_strength": 9.614698409421148e-08}, {"word_key": "F7T11", "exemplar": -0.2, "exemplar_index": 5, "frequency": 7, "exemplar_strength": 1.0120735167811735e-07}, {"word_key": "F5T11", "exemplar": -0.5, "exemplar_index": 4, "frequency": 5, "exemplar_strength": 1.0653405439801827e-07}, {"word_key": "F5T11", "exemplar": -0.5, "exemplar_index": 4, "frequency": 5, "exemplar_strength": 1.1214110989265082e-07}, {"word_key": "F6T7", "exemplar": -0.6, "exemplar_index": 5, "frequency": 6, "exemplar_strength": 1.1804327357121139e-07}, {"word_key": "F11T1", "exemplar": -1.3, "exemplar_index": 1, "frequency": 11, "exemplar_strength": 1.2425607744338041e-07}, {"word_key": "F7T5", "exemplar": 0.4, "exemplar_index": 4, "frequency": 7, "exemplar_strength": 1.3079587099303203e-07}, {"word_key": "F6T1", "exemplar": -1.0, "exemplar_index": 0, "frequency": 6, "exemplar_strength": 1.3767986420319162e-07}, {"word_key": "F3T5", "exemplar": 0.2, "exemplar_index": 0, "frequency": 3, "exemplar_strength": 1.4492617284546488e-07}, {"word_key": "F8T6", "exemplar": 0.0, "exemplar_index": 7, "frequency": 8, "exemplar_strength": 1.5255386615312092e-07}, {"word_key": "F5T12", "exemplar": 1.0, "exemplar_index": 0, "frequency": 5, "exemplar_strength": 1.6058301700328518e-07}, {"word_key": "F6T10", "exemplar": 1.9, "exemplar_index": 1, "frequency": 6, "exemplar_strength": 1.690347547403002e-07}, {"word_key": "F4T5", "exemplar": -1.6, "exemplar_index": 2, "frequency": 4, "exemplar_strength": 1.7793132077926338e-07}, {"word_key": "F11T1", "exemplar": -0.9, "exemplar_index": 3, "frequency": 11, "exemplar_strength": 1.8729612713606673e-07}, {"word_key": "F6T6", "exemplar": 0.9, "exemplar_index": 2, "frequency": 6, "exemplar_strength": 1.97153818037965e-07}, {"word_key": "F5T1", "exemplar": -0.5, "exemplar_index": 1, "frequency": 5, "exemplar_strength": 2.0753033477680526e-07}, {"word_key": "F8T2", "exemplar": 0.6, "exemplar_index": 1, "frequency": 8, "exemplar_strength": 2.1845298397558449e-07}, {"word_key": "F8T1", "exemplar": -0.4, "exemplar_index": 6, "frequency": 8, "exemplar_strength": 2.299505094479837e-07}, {"word_key": "F7T2", "exemplar": 0.7, "exemplar_index": 5, "frequency": 7, "exemplar_strength": 2.4205316783998285e-07}, {"word_key": "F7T5", "exemplar": -0.4, "exemplar_index": 2, "frequency": 7, "exemplar_strength": 2.5479280825261354e-07}, {"word_key": "F11T1", "exemplar": -1.1, "exemplar_index": 10, "frequency": 11, "exemplar_strength": 2.682029560553827e-07}, {"word_key": "F6T2", "exemplar": -0.6, "exemplar_index": 5, "frequency": 6, "exemplar_strength": 2.8231890111092917e-07}, {"word_key": "F6T8", "exemplar": -0.8, "exemplar_index": 1, "frequency": 6, "exemplar_strength": 2.9717779064308334e-07}, {"word_key": "F4T4", "exemplar": 1.3, "exemplar_index": 1, "frequency": 4, "exemplar_strength": 3.1281872699271933e-07}, {"word_key": "F10T3", "exemplar": -0.4, "exemplar_index": 0, "frequency": 10, "exemplar_strength": 3.2928287051865196e-07}, {"word_key": "F2T5", "exemplar": -0.5, "exemplar_index": 1, "frequency": 2, "exemplar_strength": 3.466135479143705e-07}, {"word_key": "F8T7", "exemplar": 0.9, "exemplar_index": 0, "frequency": 8, "exemplar_strength": 3.648563662256532e-07}, {"word_key": "F10T3", "exemplar": -0.4, "exemplar_index": 0, "frequency": 10, "exemplar_strength": 3.840593328691086e-07}, {"word_key": "F5T9", "exemplar": 0.3, "exemplar_index": 4, "frequency": 5, "exemplar_strength": 4.0427298196748275e-07}, {"word_key": "F9T1", "exemplar": 1.0, "exemplar_index": 8, "frequency": 9, "exemplar_strength": 4.255505073341924e-07}, {"word_key": "F7T8", "exemplar": 1.0, "exemplar_index": 3, "frequency": 7, "exemplar_strength": 4.4794790245704463e-07}, {"word_key": "F5T6", "exemplar": 0.6, "exemplar_index": 2, "frequency": 5, "exemplar_strength": 4.715241078495207e-07}, {"word_key": "F5T4", "exemplar": -1.4, "exemplar_index": 3, "frequency": 5, "exemplar_strength": 4.963411661573902e-07}, {"word_key": "F7T9", "exemplar": -0.8, "exemplar_index": 1, "frequency": 7, "exemplar_strength": 5.224643854288319e-07}, {"word_key": "F5T6", "exemplar": -0.4, "exemplar_index": 3, "frequency": 5, "exemplar_strength": 5.499625109777178e-07}, {"word_key": "F4T5", "exemplar": -1.6, "exemplar_index": 2, "frequency": 4, "exemplar_strength": 5.789079062923345e-07}, {"word_key": "F3T3", "exemplar": 0.2, "exemplar_index": 0, "frequency": 3, "exemplar_strength": 6.093767434656153e-07}, {"word_key": "F5T13", "exemplar": -1.0, "exemplar_index": 4, "frequency": 5, "exemplar_strength": 6.414492036480162e-07}, {"word_key": "F3T1", "exemplar": 0.8, "exemplar_index": 0, "frequency": 3, "exemplar_strength": 6.752096880505434e-07}, {"word_key": "F5T12", "exemplar": -1.6, "exemplar_index": 1, "frequency": 5, "exemplar_strength": 7.107470400532036e-07}, {"word_key": "F8T2", "exemplar": 1.5, "exemplar_index": 0, "frequency": 8, "exemplar_strength": 7.481547790033723e-07}, {"word_key": "F3T1", "exemplar": 0.8, "exemplar_index": 0, "frequency": 3, "exemplar_strength": 7.875313463193393e-07}, {"word_key": "F2T9", "exemplar": 0.9, "exemplar_index": 1, "frequency": 2, "exemplar_strength": 8.28980364546673e-07}, {"word_key": "F9T4", "exemplar": 2.3, "exemplar_index": 7, "frequency": 9, "exemplar_strength": 8.726109100491295e-07}, {"word_key": "F2T3", "exemplar": -0.2, "exemplar_index": 0, "frequency": 2, "exemplar_strength": 9.185378000517153e-07}, {"word_key": "F7T12", "exemplar": -1.5, "exemplar_index": 5, "frequency": 7, "exemplar_strength": 9.668818947912793e-07}, {"word_key": "F2T2", "exemplar": -0.4, "exemplar_index": 1, "frequency": 2, "exemplar_strength": 1.0177704155697677e-06}, {"word_key": "F7T1", "exemplar": 1.2, "exemplar_index": 4, "frequency": 7, "exemplar_strength": 1.071337279547124e-06}, {"word_key": "F5T3", "exemplar": -1.1, "exemplar_index": 2, "frequency": 5, "exemplar_strength": 1.1277234521548674e-06}, {"word_key": "F5T11", "exemplar": -0.4, "exemplar_index": 3, "frequency": 5, "exemplar_strength": 1.1870773180577553e-06}, {"word_key": "F10T3", "exemplar": -0.2, "exemplar_index": 5, "frequency": 10, "exemplar_strength": 1.2495550716397424e-06}, {"word_key": "F8T4", "exemplar": 0.1, "exemplar_index": 7, "frequency": 8, "exemplar_strength": 1.3153211280418342e-06}, {"word_key": "F9T5", "exemplar": -0.2, "exemplar_index": 2, "frequency": 9, "exemplar_strength": 1.3845485558335097e-06}, {"word_key": "F8T3", "exemplar": -1.5, "exemplar_index": 0, "frequency": 8, "exemplar_strength": 1.457419532456326e-06}, {"word_key": "F1T5", "exemplar": 0.5, "exemplar_index": 0, "frequency": 1, "exemplar_strength": 1.534125823638238e-06}, {"word_key": "F2T1", "exemplar": 1.5, "exemplar_index": 0, "frequency": 2, "exemplar_strength": 1.6148692880402508e-06}, {"word_key": "F7T3", "exemplar": 0.7, "exemplar_index": 1, "frequency": 7, "exemplar_strength": 1.699862408463422e-06}, {"word_key": "F5T10", "exemplar": -0.4, "exemplar_index": 3, "frequency": 5, "exemplar_strength": 1.7893288510141284e-06}, {"word_key": "F7T12", "exemplar": -0.8, "exemplar_index": 2, "frequency": 7, "exemplar_strength": 1.8835040536990826e-06}, {"word_key": "F5T2", "exemplar": 0.1, "exemplar_index": 0, "frequency": 5, "exemplar_strength": 1.9826358459990345e-06}, {"word_key": "F2T4", "exemplar": -0.2, "exemplar_index": 1, "frequency": 2, "exemplar_strength": 2.0869851010516154e-06}, {"word_key": "F7T3", "exemplar": 0.7, "exemplar_index": 1, "frequency": 7, "exemplar_strength": 2.196826422159595e-06}, {"word_key": "F6T8", "exemplar": -1.0, "exemplar_index": 4, "frequency": 6, "exemplar_strength": 2.312448865431153e-06}, {"word_key": "F7T3", "exemplar": 0.7, "exemplar_index": 1, "frequency": 7, "exemplar_strength": 2.4341567004538453e-06}, {"word_key": "F8T3", "exemplar": 0.4, "exemplar_index": 4, "frequency": 8, "exemplar_strength": 2.562270211004048e-06}, {"word_key": "F5T2", "exemplar": 0.1, "exemplar_index": 0, "frequency": 5, "exemplar_strength": 2.697126537898998e-06}, {"word_key": "F7T8", "exemplar": 2.3, "exemplar_index": 0, "frequency": 7, "exemplar_strength": 2.8390805662094717e-06}, {"word_key": "F4T1", "exemplar": -1.2, "exemplar_index": 0, "frequency": 4, "exemplar_strength": 2.988505859167865e-06}, {"word_key": "F5T6", "exemplar": -1.2, "exemplar_index": 4, "frequency": 5, "exemplar_strength": 3.145795641229332e-06}, {"word_key": "F10T1", "exemplar": 0.2, "exemplar_index": 3, "frequency": 10, "exemplar_strength": 3.3113638328729812e-06}, {"word_key": "F10T3", "exemplar": -0.9, "exemplar_index": 9, "frequency": 10, "exemplar_strength": 3.485646139866296e-06}, {"word_key": "F6T4", "exemplar": 0.1, "exemplar_index": 0, "frequency": 6, "exemplar_strength": 3.6691011998592594e-06}, {"word_key": "F4T10", "exemplar": -0.5, "exemplar_index": 0, "frequency": 4, "exemplar_strength": 3.862211789325536e-06}, {"word_key": "F8T6", "exemplar": 1.3, "exemplar_index": 5, "frequency": 8, "exemplar_strength": 4.065486094026881e-06}, {"word_key": "F8T4", "exemplar": 0.8, "exemplar_index": 6, "frequency": 8, "exemplar_strength": 4.279459046344085e-06}, {"word_key": "F9T2", "exemplar": -2.0, "exemplar_index": 5, "frequency": 9, "exemplar_strength": 4.504693732993774e-06}, {"word_key": "F9T1", "exemplar": -0.9, "exemplar_index": 4, "frequency": 9, "exemplar_strength": 4.741782876835552e-06}, {"word_key": "F7T3", "exemplar": 0.7, "exemplar_index": 1, "frequency": 7, "exemplar_strength": 4.991350396669002e-06}, {"word_key": "F6T14", "exemplar": -0.8, "exemplar_index": 3, "frequency": 6, "exemplar_strength": 5.254053049125266e-06}, {"word_key": "F5T11", "exemplar": -0.4, "exemplar_index": 3, "frequency": 5, "exemplar_strength": 5.530582156973964e-06}, {"word_key": "F8T5", "exemplar": -0.9, "exemplar_index": 5, "frequency": 8, "exemplar_strength": 5.821665428393647e-06}, {"word_key": "F7T12", "exemplar": -0.8, "exemplar_index": 2, "frequency": 7, "exemplar_strength": 6.128068871993313e-06}, {"word_key": "F7T2", "exemplar": 0.5, "exemplar_index": 3, "frequency": 7, "exemplar_strength": 6.45059881262454e-06}, {"word_key": "F5T8", "exemplar": 1.6, "exemplar_index": 0, "frequency": 5, "exemplar_strength": 6.79010401328899e-06}, {"word_key": "F5T4", "exemplar": -1.5, "exemplar_index": 0, "frequency": 5, "exemplar_strength": 7.147477908725253e-06}, {"word_key": "F7T9", "exemplar": -1.1, "exemplar_index": 0, "frequency": 7, "exemplar_strength": 7.523660956552898e-06}, {"word_key": "F8T2", "exemplar": -1.9, "exemplar_index": 7, "frequency": 8, "exemplar_strength": 7.919643112160946e-06}, {"word_key": "F5T4", "exemplar": -1.5, "exemplar_index": 0, "frequency": 5, "exemplar_strength": 8.336466433853627e-06}, {"word_key": "F6T12", "exemplar": 0.5, "exemplar_index": 5, "frequency": 6, "exemplar_strength": 8.775227825109082e-06}, {"word_key": "F6T3", "exemplar": -1.6, "exemplar_index": 3, "frequency": 6, "exemplar_strength": 9.237081921167456e-06}, {"word_key": "F7T9", "exemplar": -1.0, "exemplar_index": 6, "frequency": 7, "exemplar_strength": 9.72324412754469e-06}, {"word_key": "F4T8", "exemplar": 0.7, "exemplar_index": 0, "frequency": 4, "exemplar_strength": 1.0234993818468096e-05}, {"word_key": "F5T7", "exemplar": -0.1, "exemplar_index": 2, "frequency": 5, "exemplar_strength": 1.0773677703650629e-05}, {"word_key": "F6T2", "exemplar": -0.6, "exemplar_index": 5, "frequency": 6, "exemplar_strength": 1.134071337226382e-05}, {"word_key": "F3T2", "exemplar": 1.2, "exemplar_index": 1, "frequency": 3, "exemplar_strength": 1.19375930234356e-05}, {"word_key": "F4T8", "exemplar": 0.7, "exemplar_index": 0, "frequency": 4, "exemplar_strength": 1.2565887393090107e-05}, {"word_key": "F6T1", "exemplar": 0.1, "exemplar_index": 2, "frequency": 6, "exemplar_strength": 1.3227249887463272e-05}, {"word_key": "F6T8", "exemplar": 0.5, "exemplar_index": 5, "frequency": 6, "exemplar_strength": 1.3923420934171866e-05}, {"word_key": "F3T8", "exemplar": -0.2, "exemplar_index": 2, "frequency": 3, "exemplar_strength": 1.4656232562286176e-05}, {"word_key": "F7T7", "exemplar": -0.6, "exemplar_index": 5, "frequency": 7, "exemplar_strength": 1.5427613223459133e-05}, {"word_key": "F4T6", "exemplar": 0.5, "exemplar_index": 1, "frequency": 4, "exemplar_strength": 1.623959286679909e-05}, {"word_key": "F7T6", "exemplar": 1.4, "exemplar_index": 0, "frequency": 7, "exemplar_strength": 1.7094308280841148e-05}, {"word_key": "F1T3", "exemplar": -0.5, "exemplar_index": 0, "frequency": 1, "exemplar_strength": 1.7994008716674895e-05}, {"word_key": "F9T4", "exemplar": -1.6, "exemplar_index": 2, "frequency": 9, "exemplar_strength": 1.8941061807026206e-05}, {"word_key": "F6T1", "exemplar": 0.9, "exemplar_index": 5, "frequency": 6, "exemplar_strength": 1.9937959796869693e-05}, {"word_key": "F5T4", "exemplar": 0.5, "exemplar_index": 4, "frequency": 5, "exemplar_strength": 2.09873261019681e-05}, {"word_key": "F3T9", "exemplar": -0.5, "exemplar_index": 0, "frequency": 3, "exemplar_strength": 2.2091922212598e-05}, {"word_key": "F8T4", "exemplar": 0.8, "exemplar_index": 6, "frequency": 8, "exemplar_strength": 2.3254654960629475e-05}, {"word_key": "F6T9", "exemplar": -0.6, "exemplar_index": 0, "frequency": 6, "exemplar_strength": 2.447858416908366e-05}, {"word_key": "F6T12", "exemplar": 0.1, "exemplar_index": 4, "frequency": 6, "exemplar_strength": 2.576693070429859e-05}, {"word_key": "F8T7", "exemplar": 1.2, "exemplar_index": 1, "frequency": 8, "exemplar_strength": 2.7123084951893252e-05}, {"word_key": "F7T2", "exemplar": -0.8, "exemplar_index": 1, "frequency": 7, "exemplar_strength": 2.8550615738835003e-05}, {"word_key": "F5T8", "exemplar": 0.6, "exemplar_index": 3, "frequency": 5, "exemplar_strength": 3.0053279725089478e-05}, {"word_key": "F5T12", "exemplar": -0.7, "exemplar_index": 4, "frequency": 5, "exemplar_strength": 3.163503128956787e-05}, {"word_key": "F9T3", "exemplar": 1.2, "exemplar_index": 7, "frequency": 9, "exemplar_strength": 3.3300032936387236e-05}, {"word_key": "F6T7", "exemplar": -1.2, "exemplar_index": 1, "frequency": 6, "exemplar_strength": 3.505266624882867e-05}, {"word_key": "F5T3", "exemplar": -1.1, "exemplar_index": 2, "frequency": 5, "exemplar_strength": 3.689754341981966e-05}, {"word_key": "F6T9", "exemplar": -0.6, "exemplar_index": 0, "frequency": 6, "exemplar_strength": 3.883951938928385e-05}, {"word_key": "F5T5", "exemplar": -0.4, "exemplar_index": 2, "frequency": 5, "exemplar_strength": 4.0883704620298796e-05}, {"word_key": "F8T2", "exemplar": 1.5, "exemplar_index": 5, "frequency": 8, "exemplar_strength": 4.303547854768294e-05}, {"word_key": "F11T1", "exemplar": -1.4, "exemplar_index": 7, "frequency": 11, "exemplar_strength": 4.53005037344031e-05}, {"word_key": "F12T1", "exemplar": 1.2, "exemplar_index": 10, "frequency": 12, "exemplar_strength": 4.768474077305589e-05}, {"word_key": "F9T4", "exemplar": -1.6, "exemplar_index": 2, "frequency": 9, "exemplar_strength": 5.019446397163778e-05}, {"word_key": "F3T5", "exemplar": 0.2, "exemplar_index": 0, "frequency": 3, "exemplar_strength": 5.283627786488188e-05}, {"word_key": "F4T1", "exemplar": -0.9, "exemplar_index": 2, "frequency": 4, "exemplar_strength": 5.561713459461251e-05}, {"word_key": "F7T12", "exemplar": -0.8, "exemplar_index": 2, "frequency": 7, "exemplar_strength": 5.8544352204855274e-05}, {"word_key": "F6T3", "exemplar": -1.6, "exemplar_index": 3, "frequency": 6, "exemplar_strength": 6.162563389984766e-05}, {"word_key": "F5T3", "exemplar": -1.1, "exemplar_index": 2, "frequency": 5, "exemplar_strength": 6.486908831562912e-05}, {"word_key": "F6T3", "exemplar": -1.6, "exemplar_index": 3, "frequency": 6, "exemplar_strength": 6.828325085855697e-05}, {"word_key": "F3T6", "exemplar": 0.6, "exemplar_index": 1, "frequency": 3, "exemplar_strength": 7.187710616690208e-05}, {"word_key": "F6T4", "exemplar": 0.1, "exemplar_index": 0, "frequency": 6, "exemplar_strength": 7.566011175463378e-05}, {"word_key": "F7T4", "exemplar": 0.2, "exemplar_index": 1, "frequency": 7, "exemplar_strength": 7.96422228996145e-05}, {"word_key": "F6T7", "exemplar": -0.2, "exemplar_index": 3, "frequency": 6, "exemplar_strength": 8.383391884169949e-05}, {"word_key": "F4T3", "exemplar": -1.0, "exemplar_index": 2, "frequency": 4, "exemplar_strength": 8.824623035968368e-05}, {"word_key": "F8T3", "exemplar": 1.0, "exemplar_index": 7, "frequency": 8, "exemplar_strength": 9.289076879966704e-05}, {"word_key": "F6T12", "exemplar": 0.5, "exemplar_index": 5, "frequency": 6, "exemplar_strength": 9.777975663122846e-05}, {"word_key": "F8T5", "exemplar": -1.6, "exemplar_index": 4, "frequency": 8, "exemplar_strength": 0.00010292605961181944}, {"word_key": "F6T11", "exemplar": 1.1, "exemplar_index": 2, "frequency": 6, "exemplar_strength": 0.00010834322064402047}, {"word_key": "F7T11", "exemplar": -0.2, "exemplar_index": 5, "frequency": 7, "exemplar_strength": 0.0001140454954147584}, {"word_key": "F3T2", "exemplar": -1.2, "exemplar_index": 2, "frequency": 3, "exemplar_strength": 0.000120047889910272}, {"word_key": "F9T5", "exemplar": 0.3, "exemplar_index": 7, "frequency": 9, "exemplar_strength": 0.0001263661999055495}, {"word_key": "F9T3", "exemplar": 0.9, "exemplar_index": 6, "frequency": 9, "exemplar_strength": 0.00013301705253215737}, {"word_key": "F10T1", "exemplar": 1.6, "exemplar_index": 8, "frequency": 10, "exemplar_strength": 0.00014001795003384986}, {"word_key": "F5T12", "exemplar": -0.7, "exemplar_index": 4, "frequency": 5, "exemplar_strength": 0.00014738731582510513}, {"word_key": "F5T1", "exemplar": -2.2, "exemplar_index": 3, "frequency": 5, "exemplar_strength": 0.00015514454297379488}, {"word_key": "F9T4", "exemplar": -0.9, "exemplar_index": 0, "frequency": 9, "exemplar_strength": 0.00016331004523557357}, {"word_key": "F9T3", "exemplar": 0.7, "exemplar_index": 0, "frequency": 9, "exemplar_strength": 0.00017190531077428798}, {"word_key": "F4T1", "exemplar": -0.9, "exemplar_index": 2, "frequency": 4, "exemplar_strength": 0.00018095295870977683}, {"word_key": "F6T12", "exemplar": 0.1, "exemplar_index": 4, "frequency": 6, "exemplar_strength": 0.00019047679864187035}, {"word_key": "F2T2", "exemplar": -0.4, "exemplar_index": 1, "frequency": 2, "exemplar_strength": 0.00020050189330723196}, {"word_key": "F7T5", "exemplar": 0.6, "exemplar_index": 3, "frequency": 7, "exemplar_strength": 0.00021105462453392839}, {"word_key": "F11T1", "exemplar": -0.5, "exemplar_index": 2, "frequency": 11, "exemplar_strength": 0.00022216276266729304}, {"word_key": "F6T8", "exemplar": 0.5, "exemplar_index": 5, "frequency": 6, "exemplar_strength": 0.00023385553964978215}, {"word_key": "F6T11", "exemplar": 0.2, "exemplar_index": 1, "frequency": 6, "exemplar_strength": 0.00024616372594713913}, {"word_key": "F7T8", "exemplar": -0.4, "exemplar_index": 2, "frequency": 7, "exemplar_strength": 0.00025911971152330434}, {"word_key": "F7T2", "exemplar": 0.5, "exemplar_index": 4, "frequency": 7, "exemplar_strength": 0.00027275759107716247}, {"word_key": "F6T10", "exemplar": 1.6, "exemplar_index": 4, "frequency": 6, "exemplar_strength": 0.0002871132537654342}, {"word_key": "F11T1", "exemplar": 1.5, "exemplar_index": 5, "frequency": 11, "exemplar_strength": 0.0003022244776478255}, {"word_key": "F3T5", "exemplar": 0.2, "exemplar_index": 0, "frequency": 3, "exemplar_strength": 0.00031813102910297424}, {"word_key": "F7T1", "exemplar": 0.2, "exemplar_index": 0, "frequency": 7, "exemplar_strength": 0.000334874767476815}, {"word_key": "F9T4", "exemplar": -1.6, "exemplar_index": 2, "frequency": 9, "exemplar_strength": 0.00035249975523875265}, {"word_key": "F7T8", "exemplar": -0.4, "exemplar_index": 2, "frequency": 7, "exemplar_strength": 0.0003710523739355291}, {"word_key": "F3T10", "exemplar": 0.5, "exemplar_index": 0, "frequency": 3, "exemplar_strength": 0.00039058144624792536}, {"word_key": "F7T6", "exemplar": 1.4, "exemplar_index": 0, "frequency": 7, "exemplar_strength": 0.0004111383644715004}, {"word_key": "F8T3", "exemplar": 1.0, "exemplar_index": 7, "frequency": 8, "exemplar_strength": 0.0004327772257594741}, {"word_key": "F6T13", "exemplar": 0.4, "exemplar_index": 4, "frequency": 6, "exemplar_strength": 0.000455554974483657}, {"word_key": "F10T1", "exemplar": 0.5, "exemplar_index": 4, "frequency": 10, "exemplar_strength": 0.00047953155208806006}, {"word_key": "F10T1", "exemplar": 0.2, "exemplar_index": 9, "frequency": 10, "exemplar_strength": 0.0005047700548295369}, {"word_key": "F5T6", "exemplar": -1.2, "exemplar_index": 4, "frequency": 5, "exemplar_strength": 0.0005313368998205653}, {"word_key": "F3T6", "exemplar": 0.6, "exemplar_index": 1, "frequency": 3, "exemplar_strength": 0.0005593019998111214}, {"word_key": "F12T1", "exemplar": -1.1, "exemplar_index": 9, "frequency": 12, "exemplar_strength": 0.0005887389471696014}, {"word_key": "F5T13", "exemplar": -1.6, "exemplar_index": 2, "frequency": 5, "exemplar_strength": 0.0006197252075469489}, {"word_key": "F6T3", "exemplar": 0.3, "exemplar_index": 0, "frequency": 6, "exemplar_strength": 0.0006523423237336305}, {"word_key": "F4T10", "exemplar": 0.0, "exemplar_index": 2, "frequency": 4, "exemplar_strength": 0.0006866761302459269}, {"word_key": "F10T1", "exemplar": -2.1, "exemplar_index": 6, "frequency": 10, "exemplar_strength": 0.0007228169792062388}, {"word_key": "F9T1", "exemplar": 1.6, "exemplar_index": 2, "frequency": 9, "exemplar_strength": 0.0007608599781118304}, {"word_key": "F7T8", "exemplar": -0.4, "exemplar_index": 2, "frequency": 7, "exemplar_strength": 0.0008009052401177162}, {"word_key": "F4T4", "exemplar": 1.3, "exemplar_index": 1, "frequency": 4, "exemplar_strength": 0.0008430581474923328}, {"word_key": "F9T3", "exemplar": 0.6, "exemplar_index": 1, "frequency": 9, "exemplar_strength": 0.0008874296289392978}, {"word_key": "F10T2", "exemplar": 2.0, "exemplar_index": 9, "frequency": 10, "exemplar_strength": 0.0009341364515150504}, {"word_key": "F5T10", "exemplar": 0.5, "exemplar_index": 2, "frequency": 5, "exemplar_strength": 0.0009833015279105794}, {"word_key": "F6T1", "exemplar": 1.2, "exemplar_index": 3, "frequency": 6, "exemplar_strength": 0.001035054239905873}, {"word_key": "F9T1", "exemplar": 1.6, "exemplar_index": 2, "frequency": 9, "exemplar_strength": 0.0010895307788482875}, {"word_key": "F9T1", "exemplar": 1.6, "exemplar_index": 2, "frequency": 9, "exemplar_strength": 0.001146874504050829}, {"word_key": "F10T1", "exemplar": 0.2, "exemplar_index": 9, "frequency": 10, "exemplar_strength": 0.0012072363200535043}, {"word_key": "F9T2", "exemplar": -0.8, "exemplar_index": 4, "frequency": 9, "exemplar_strength": 0.0012707750737405309}, {"word_key": "F2T2", "exemplar": -0.4, "exemplar_index": 1, "frequency": 2, "exemplar_strength": 0.0013376579723584536}, {"word_key": "F8T7", "exemplar": 1.2, "exemplar_index": 2, "frequency": 8, "exemplar_strength": 0.0014080610235352145}, {"word_key": "F2T6", "exemplar": -0.2, "exemplar_index": 1, "frequency": 2, "exemplar_strength": 0.0014821694984581207}, {"word_key": "F9T4", "exemplar": -0.9, "exemplar_index": 5, "frequency": 9, "exemplar_strength": 0.0015601784194296008}, {"word_key": "F5T12", "exemplar": -0.7, "exemplar_index": 4, "frequency": 5, "exemplar_strength": 0.0016422930730837905}, {"word_key": "F8T4", "exemplar": -0.9, "exemplar_index": 3, "frequency": 8, "exemplar_strength": 0.0017287295506145165}, {"word_key": "F2T7", "exemplar": -0.6, "exemplar_index": 1, "frequency": 2, "exemplar_strength": 0.0018197153164363333}, {"word_key": "F9T3", "exemplar": 0.6, "exemplar_index": 1, "frequency": 9, "exemplar_strength": 0.0019154898067750877}, {"word_key": "F3T8", "exemplar": 1.5, "exemplar_index": 1, "frequency": 3, "exemplar_strength": 0.0020163050597632503}, {"word_key": "F8T2", "exemplar": 1.0, "exemplar_index": 2, "frequency": 8, "exemplar_strength": 0.002122426378698158}, {"word_key": "F6T4", "exemplar": 1.9, "exemplar_index": 4, "frequency": 6, "exemplar_strength": 0.0022341330302085875}, {"word_key": "F8T6", "exemplar": 0.2, "exemplar_index": 0, "frequency": 8, "exemplar_strength": 0.002351718979166934}, {"word_key": "F7T10", "exemplar": 0.3, "exemplar_index": 5, "frequency": 7, "exemplar_strength": 0.0024754936622809836}, {"word_key": "F4T10", "exemplar": -0.9, "exemplar_index": 1, "frequency": 4, "exemplar_strength": 0.0026057828024010354}, {"word_key": "F8T6", "exemplar": -1.1, "exemplar_index": 4, "frequency": 8, "exemplar_strength": 0.0027429292656853004}, {"word_key": "F6T5", "exemplar": 0.6, "exemplar_index": 4, "frequency": 6, "exemplar_strength": 0.0028872939638792637}, {"word_key": "F7T1", "exemplar": -1.5, "exemplar_index": 5, "frequency": 7, "exemplar_strength": 0.003039256804083436}, {"word_key": "F7T3", "exemplar": -1.9, "exemplar_index": 3, "frequency": 7, "exemplar_strength": 0.00319921768850888}, {"word_key": "F7T9", "exemplar": -0.6, "exemplar_index": 2, "frequency": 7, "exemplar_strength": 0.003367597566851453}, {"word_key": "F7T6", "exemplar": 1.4, "exemplar_index": 0, "frequency": 7, "exemplar_strength": 0.0035448395440541612}, {"word_key": "F9T3", "exemplar": 0.6, "exemplar_index": 3, "frequency": 9, "exemplar_strength": 0.0037314100463728015}, {"word_key": "F5T5", "exemplar": 0.9, "exemplar_index": 4, "frequency": 5, "exemplar_strength": 0.003927800048813475}, {"word_key": "F4T10", "exemplar": -0.9, "exemplar_index": 1, "frequency": 4, "exemplar_strength": 0.0041345263671720795}, {"word_key": "F8T3", "exemplar": -0.9, "exemplar_index": 1, "frequency": 8, "exemplar_strength": 0.0043521330180758735}, {"word_key": "F6T3", "exemplar": -0.5, "exemplar_index": 2, "frequency": 6, "exemplar_strength": 0.004581192650606183}, {"word_key": "F7T7", "exemplar": -0.9, "exemplar_index": 4, "frequency": 7, "exemplar_strength": 0.004822308053269666}, {"word_key": "F10T2", "exemplar": -1.3, "exemplar_index": 1, "frequency": 10, "exemplar_strength": 0.0050761137402838595}, {"word_key": "F6T4", "exemplar": -1.1, "exemplar_index": 2, "frequency": 6, "exemplar_strength": 0.005343277621351432}, {"word_key": "F8T4", "exemplar": 0.6, "exemplar_index": 1, "frequency": 8, "exemplar_strength": 0.0056245027593172965}, {"word_key": "F7T9", "exemplar": -0.6, "exemplar_index": 2, "frequency": 7, "exemplar_strength": 0.005920529220333997}, {"word_key": "F5T6", "exemplar": -1.2, "exemplar_index": 4, "frequency": 5, "exemplar_strength": 0.0062321360214042075}, {"word_key": "F4T6", "exemplar": 0.2, "exemplar_index": 0, "frequency": 4, "exemplar_strength": 0.006560143180425482}, {"word_key": "F5T10", "exemplar": -0.9, "exemplar_index": 0, "frequency": 5, "exemplar_strength": 0.006905413874132086}, {"word_key": "F8T1", "exemplar": 1.9, "exemplar_index": 7, "frequency": 8, "exemplar_strength": 0.0072688567096127225}, {"word_key": "F8T3", "exemplar": 0.2, "exemplar_index": 3, "frequency": 8, "exemplar_strength": 0.0076514281153818135}, {"word_key": "F9T2", "exemplar": 1.1, "exemplar_index": 3, "frequency": 9, "exemplar_strength": 0.008054134858296647}, {"word_key": "F7T2", "exemplar": -0.8, "exemplar_index": 2, "frequency": 7, "exemplar_strength": 0.008478036692943839}, {"word_key": "F6T5", "exemplar": 0.6, "exemplar_index": 1, "frequency": 6, "exemplar_strength": 0.0089242491504672}, {"word_key": "F5T10", "exemplar": 0.8, "exemplar_index": 1, "frequency": 5, "exemplar_strength": 0.009393946474176}, {"word_key": "F5T8", "exemplar": -0.9, "exemplar_index": 1, "frequency": 5, "exemplar_strength": 0.009888364709658948}, {"word_key": "F10T3", "exemplar": -0.2, "exemplar_index": 8, "frequency": 10, "exemplar_strength": 0.010408804957535735}, {"word_key": "F6T8", "exemplar": -0.9, "exemplar_index": 0, "frequency": 6, "exemplar_strength": 0.010956636797406038}, {"word_key": "F8T1", "exemplar": -0.5, "exemplar_index": 0, "frequency": 8, "exemplar_strength": 0.011533301892006355}, {"word_key": "F5T11", "exemplar": -0.1, "exemplar_index": 1, "frequency": 5, "exemplar_strength": 0.012140317781059323}, {"word_key": "F2T6", "exemplar": -0.2, "exemplar_index": 1, "frequency": 2, "exemplar_strength": 0.012779281874799287}, {"word_key": "F8T3", "exemplar": -0.9, "exemplar_index": 1, "frequency": 8, "exemplar_strength": 0.01345187565768346}, {"word_key": "F7T7", "exemplar": -1.6, "exemplar_index": 3, "frequency": 7, "exemplar_strength": 0.014159869113351011}, {"word_key": "F7T6", "exemplar": -0.3, "exemplar_index": 6, "frequency": 7, "exemplar_strength": 0.01490512538247475}, {"word_key": "F6T8", "exemplar": -0.9, "exemplar_index": 0, "frequency": 6, "exemplar_strength": 0.015689605665762895}, {"word_key": "F3T6", "exemplar": 1.6, "exemplar_index": 0, "frequency": 3, "exemplar_strength": 0.016515374385013576}, {"word_key": "F6T1", "exemplar": 0.7, "exemplar_index": 1, "frequency": 6, "exemplar_strength": 0.017384604615803764}, {"word_key": "F6T12", "exemplar": 0.5, "exemplar_index": 3, "frequency": 6, "exemplar_strength": 0.018299583806109226}, {"word_key": "F10T2", "exemplar": 0.2, "exemplar_index": 4, "frequency": 10, "exemplar_strength": 0.019262719795904448}, {"word_key": "F12T1", "exemplar": 1.5, "exemplar_index": 5, "frequency": 12, "exemplar_strength": 0.02027654715358363}, {"word_key": "F6T8", "exemplar": -0.9, "exemplar_index": 0, "frequency": 6, "exemplar_strength": 0.021343733845877507}, {"word_key": "F6T11", "exemplar": 0.2, "exemplar_index": 4, "frequency": 6, "exemplar_strength": 0.022467088258818428}, {"word_key": "F11T1", "exemplar": 0.6, "exemplar_index": 4, "frequency": 11, "exemplar_strength": 0.023649566588229927}, {"word_key": "F4T2", "exemplar": 1.5, "exemplar_index": 2, "frequency": 4, "exemplar_strength": 0.0248942806191894}, {"word_key": "F2T7", "exemplar": -0.6, "exemplar_index": 1, "frequency": 2, "exemplar_strength": 0.02620450591493621}, {"word_key": "F9T4", "exemplar": -0.9, "exemplar_index": 5, "frequency": 9, "exemplar_strength": 0.027583690436774957}, {"word_key": "F7T10", "exemplar": -0.1, "exemplar_index": 2, "frequency": 7, "exemplar_strength": 0.029035463617657853}, {"word_key": "F9T4", "exemplar": -0.9, "exemplar_index": 5, "frequency": 9, "exemplar_strength": 0.030563645913324056}, {"word_key": "F8T1", "exemplar": 0.9, "exemplar_index": 3, "frequency": 8, "exemplar_strength": 0.032172258856130585}, {"word_key": "F9T2", "exemplar": 1.1, "exemplar_index": 3, "frequency": 9, "exemplar_strength": 0.0338655356380322}, {"word_key": "F11T1", "exemplar": 0.7, "exemplar_index": 6, "frequency": 11, "exemplar_strength": 0.03564793225056021}, {"word_key": "F9T5", "exemplar": 0.1, "exemplar_index": 4, "frequency": 9, "exemplar_strength": 0.03752413921111601}, {"word_key": "F8T4", "exemplar": 1.3, "exemplar_index": 2, "frequency": 8, "exemplar_strength": 0.03949909390643791}, {"word_key": "F5T3", "exemplar": -1.6, "exemplar_index": 4, "frequency": 5, "exemplar_strength": 0.041577993585724116}, {"word_key": "F5T7", "exemplar": -0.7, "exemplar_index": 0, "frequency": 5, "exemplar_strength": 0.04376630903760433}, {"word_key": "F5T5", "exemplar": -0.8, "exemplar_index": 1, "frequency": 5, "exemplar_strength": 0.04606979898695193}, {"word_key": "F7T11", "exemplar": 0.2, "exemplar_index": 3, "frequency": 7, "exemplar_strength": 0.04849452524942309}, {"word_key": "F5T8", "exemplar": -0.9, "exemplar_index": 1, "frequency": 5, "exemplar_strength": 0.05104686868360325}, {"word_key": "F5T9", "exemplar": -0.6, "exemplar_index": 1, "frequency": 5, "exemplar_strength": 0.053733545982740265}, {"word_key": "F8T1", "exemplar": 1.9, "exemplar_index": 7, "frequency": 8, "exemplar_strength": 0.05656162735025291}, {"word_key": "F4T3", "exemplar": -0.1, "exemplar_index": 3, "frequency": 4, "exemplar_strength": 0.059538555105529384}, {"word_key": "F9T1", "exemplar": -1.2, "exemplar_index": 3, "frequency": 9, "exemplar_strength": 0.0626721632689783}, {"word_key": "F2T9", "exemplar": 1.2, "exemplar_index": 0, "frequency": 2, "exemplar_strength": 0.0659706981778719}, {"word_key": "F9T5", "exemplar": 0.2, "exemplar_index": 6, "frequency": 9, "exemplar_strength": 0.0694428401872336}, {"word_key": "F6T6", "exemplar": -0.2, "exemplar_index": 3, "frequency": 6, "exemplar_strength": 0.07309772651287748}, {"word_key": "F6T9", "exemplar": 0.2, "exemplar_index": 5, "frequency": 6, "exemplar_strength": 0.07694497527671314}, {"word_key": "F7T10", "exemplar": 0.5, "exemplar_index": 1, "frequency": 7, "exemplar_strength": 0.08099471081759278}, {"word_key": "F7T5", "exemplar": -0.3, "exemplar_index": 6, "frequency": 7, "exemplar_strength": 0.0852575903343082}, {"word_key": "F7T4", "exemplar": -0.7, "exemplar_index": 2, "frequency": 7, "exemplar_strength": 0.08974483193085074}, {"word_key": "F8T1", "exemplar": 1.9, "exemplar_index": 7, "frequency": 8, "exemplar_strength": 0.09446824413773762}, {"word_key": "F8T4", "exemplar": -0.2, "exemplar_index": 5, "frequency": 8, "exemplar_strength": 0.09944025698709223}, {"word_key": "F7T1", "exemplar": -0.7, "exemplar_index": 6, "frequency": 7, "exemplar_strength": 0.10467395472325498}, {"word_key": "F8T1", "exemplar": 1.9, "exemplar_index": 7, "frequency": 8, "exemplar_strength": 0.11018311023500525}, {"word_key": "F2T3", "exemplar": -0.2, "exemplar_index": 0, "frequency": 2, "exemplar_strength": 0.11598222130000553}, {"word_key": "F7T8", "exemplar": 1.9, "exemplar_index": 4, "frequency": 7, "exemplar_strength": 0.12208654873684793}, {"word_key": "F6T13", "exemplar": -1.1, "exemplar_index": 2, "frequency": 6, "exemplar_strength": 0.1285121565651031}, {"word_key": "F6T5", "exemplar": 0.2, "exemplar_index": 2, "frequency": 6, "exemplar_strength": 0.1352759542790559}, {"word_key": "F10T1", "exemplar": -1.0, "exemplar_index": 1, "frequency": 10, "exemplar_strength": 0.14239574134637464}, {"word_key": "F8T5", "exemplar": 0.2, "exemplar_index": 7, "frequency": 8, "exemplar_strength": 0.14989025404881542}, {"word_key": "F7T9", "exemplar": 0.6, "exemplar_index": 3, "frequency": 7, "exemplar_strength": 0.15777921478822676}, {"word_key": "F8T2", "exemplar": -1.1, "exemplar_index": 6, "frequency": 8, "exemplar_strength": 0.16608338398760714}, {"word_key": "F7T9", "exemplar": 0.6, "exemplar_index": 3, "frequency": 7, "exemplar_strength": 0.17482461472379698}, {"word_key": "F9T3", "exemplar": -0.5, "exemplar_index": 8, "frequency": 9, "exemplar_strength": 0.18402591023557577}, {"word_key": "F5T13", "exemplar": 0.4, "exemplar_index": 3, "frequency": 5, "exemplar_strength": 0.1937114844585008}, {"word_key": "F3T9", "exemplar": -0.3, "exemplar_index": 1, "frequency": 3, "exemplar_strength": 0.20390682574579033}, {"word_key": "F7T3", "exemplar": -1.5, "exemplar_index": 4, "frequency": 7, "exemplar_strength": 0.2146387639429372}, {"word_key": "F4T2", "exemplar": 1.5, "exemplar_index": 2, "frequency": 4, "exemplar_strength": 0.2259355409925655}, {"word_key": "F5T1", "exemplar": 0.3, "exemplar_index": 0, "frequency": 5, "exemplar_strength": 0.2378268852553321}, {"word_key": "F10T3", "exemplar": -0.2, "exemplar_index": 2, "frequency": 10, "exemplar_strength": 0.25034408974245487}, {"word_key": "F6T1", "exemplar": 0.7, "exemplar_index": 1, "frequency": 6, "exemplar_strength": 0.263520094465742}, {"word_key": "F4T9", "exemplar": -0.1, "exemplar_index": 3, "frequency": 4, "exemplar_strength": 0.27738957312183365}, {"word_key": "F8T4", "exemplar": 1.3, "exemplar_index": 2, "frequency": 8, "exemplar_strength": 0.2919890243387723}, {"word_key": "F7T8", "exemplar": -0.4, "exemplar_index": 2, "frequency": 7, "exemplar_strength": 0.30735686772502346}, {"word_key": "F8T7", "exemplar": 1.4, "exemplar_index": 6, "frequency": 8, "exemplar_strength": 0.3235335449737089}, {"word_key": "F5T2", "exemplar": 1.0, "exemplar_index": 1, "frequency": 5, "exemplar_strength": 0.34056162628811465}, {"word_key": "F9T3", "exemplar": -0.5, "exemplar_index": 8, "frequency": 9, "exemplar_strength": 0.35848592240854177}, {"word_key": "F2T5", "exemplar": -0.9, "exemplar_index": 0, "frequency": 2, "exemplar_strength": 0.37735360253530714}, {"word_key": "F8T4", "exemplar": -0.2, "exemplar_index": 5, "frequency": 8, "exemplar_strength": 0.3972143184582181}, {"word_key": "F8T8", "exemplar": -0.8, "exemplar_index": 0, "frequency": 8, "exemplar_strength": 0.41812033521917696}, {"word_key": "F7T10", "exemplar": -0.9, "exemplar_index": 0, "frequency": 7, "exemplar_strength": 0.44012666865176525}, {"word_key": "F9T1", "exemplar": -0.6, "exemplar_index": 5, "frequency": 9, "exemplar_strength": 0.46329123015975293}, {"word_key": "F8T4", "exemplar": -0.2, "exemplar_index": 5, "frequency": 8, "exemplar_strength": 0.48767497911552943}, {"word_key": "F5T11", "exemplar": -0.9, "exemplar_index": 2, "frequency": 5, "exemplar_strength": 0.5133420832795047}, {"word_key": "F11T1", "exemplar": -0.5, "exemplar_index": 8, "frequency": 11, "exemplar_strength": 0.5403600876626365}, {"word_key": "F6T2", "exemplar": 0.6, "exemplar_index": 4, "frequency": 6, "exemplar_strength": 0.5688000922764596}, {"word_key": "F2T8", "exemplar": 2.0, "exemplar_index": 1, "frequency": 2, "exemplar_strength": 0.5987369392383786}, {"word_key": "F3T8", "exemplar": 0.2, "exemplar_index": 0, "frequency": 3, "exemplar_strength": 0.6302494097246091}, {"word_key": "F8T5", "exemplar": -1.1, "exemplar_index": 1, "frequency": 8, "exemplar_strength": 0.6634204312890623}, {"word_key": "F8T4", "exemplar": -0.5, "exemplar_index": 0, "frequency": 8, "exemplar_strength": 0.6983372960937497}, {"word_key": "F8T8", "exemplar": 0.7, "exemplar_index": 6, "frequency": 8, "exemplar_strength": 0.7350918906249998}, {"word_key": "F7T6", "exemplar": -1.6, "exemplar_index": 2, "frequency": 7, "exemplar_strength": 0.7737809374999999}, {"word_key": "F4T3", "exemplar": 0.7, "exemplar_index": 1, "frequency": 4, "exemplar_strength": 0.8145062499999999}, {"word_key": "F8T6", "exemplar": 1.6, "exemplar_index": 2, "frequency": 8, "exemplar_strength": 0.8573749999999999}, {"word_key": "F2T4", "exemplar": -0.2, "exemplar_index": 1, "frequency": 2, "exemplar_strength": 0.9025}, {"word_key": "F6T9", "exemplar": 0.4, "exemplar_index": 3, "frequency": 6, "exemplar_strength": 0.95}, {"word_key": "F6T1", "exemplar": 0.7, "exemplar_index": 1, "frequency": 6, "exemplar_strength": 1}]